pkuid,vertex_index,xcoord,ycoord,code,name
501,0,2.03,44.373,MC-N,Massif Central - North
501,1,2.078,44.361,MC-N,Massif Central - North
501,2,2.111,44.353,MC-N,Massif Central - North
501,3,2.16,44.342,MC-N,Massif Central - North
501,4,2.241,44.326,MC-N,Massif Central - North
501,5,2.317,44.312,MC-N,Massif Central - North
501,6,2.402,44.298,MC-N,Massif Central - North
501,7,2.476,44.287,MC-N,Massif Central - North
501,8,2.561,44.276,MC-N,Massif Central - North
501,9,2.582,44.273,MC-N,Massif Central - North
501,10,2.635,44.267,MC-N,Massif Central - North
501,11,2.72,44.258,MC-N,Massif Central - North
501,12,2.805,44.25,MC-N,Massif Central - North
501,13,2.878,44.245,MC-N,Massif Central - North
501,14,2.962,44.24,MC-N,Massif Central - North
501,15,2.995,44.238,MC-N,Massif Central - North
501,16,3.013,44.246,MC-N,Massif Central - North
501,17,3.02,44.252,MC-N,Massif Central - North
501,18,3.002,44.282,MC-N,Massif Central - North
501,19,2.984,44.3,MC-N,Massif Central - North
501,20,2.933,44.312,MC-N,Massif Central - North
501,21,2.844,44.343,MC-N,Massif Central - North
501,22,2.788,44.364,MC-N,Massif Central - North
501,23,2.762,44.372,MC-N,Massif Central - North
501,24,2.722,44.38,MC-N,Massif Central - North
501,25,2.681,44.369,MC-N,Massif Central - North
501,26,2.664,44.371,MC-N,Massif Central - North
501,27,2.644,44.364,MC-N,Massif Central - North
501,28,2.592,44.35,MC-N,Massif Central - North
501,29,2.558,44.358,MC-N,Massif Central - North
501,30,2.545,44.359,MC-N,Massif Central - North
501,31,2.464,44.373,MC-N,Massif Central - North
501,32,2.426,44.393,MC-N,Massif Central - North
501,33,2.417,44.428,MC-N,Massif Central - North
501,34,2.43,44.431,MC-N,Massif Central - North
501,35,2.436,44.437,MC-N,Massif Central - North
501,36,2.452,44.474,MC-N,Massif Central - North
501,37,2.479,44.508,MC-N,Massif Central - North
501,38,2.504,44.508,MC-N,Massif Central - North
501,39,2.555,44.501,MC-N,Massif Central - North
501,40,2.588,44.489,MC-N,Massif Central - North
501,41,2.604,44.485,MC-N,Massif Central - North
501,42,2.635,44.489,MC-N,Massif Central - North
501,43,2.711,44.491,MC-N,Massif Central - North
501,44,2.743,44.487,MC-N,Massif Central - North
501,45,2.786,44.47,MC-N,Massif Central - North
501,46,2.788,44.467,MC-N,Massif Central - North
501,47,2.798,44.459,MC-N,Massif Central - North
501,48,2.805,44.456,MC-N,Massif Central - North
501,49,2.812,44.453,MC-N,Massif Central - North
501,50,2.82,44.45,MC-N,Massif Central - North
501,51,2.834,44.449,MC-N,Massif Central - North
501,52,2.867,44.449,MC-N,Massif Central - North
501,53,2.939,44.441,MC-N,Massif Central - North
501,54,2.978,44.437,MC-N,Massif Central - North
501,55,3.022,44.434,MC-N,Massif Central - North
501,56,3.085,44.431,MC-N,Massif Central - North
501,57,3.101,44.432,MC-N,Massif Central - North
501,58,3.137,44.434,MC-N,Massif Central - North
501,59,3.199,44.459,MC-N,Massif Central - North
501,60,3.225,44.464,MC-N,Massif Central - North
501,61,3.243,44.471,MC-N,Massif Central - North
501,62,3.248,44.478,MC-N,Massif Central - North
501,63,3.25,44.486,MC-N,Massif Central - North
501,64,3.238,44.536,MC-N,Massif Central - North
501,65,3.247,44.553,MC-N,Massif Central - North
501,66,3.278,44.555,MC-N,Massif Central - North
501,67,3.295,44.559,MC-N,Massif Central - North
501,68,3.351,44.541,MC-N,Massif Central - North
501,69,3.353,44.53,MC-N,Massif Central - North
501,70,3.37,44.521,MC-N,Massif Central - North
501,71,3.382,44.516,MC-N,Massif Central - North
501,72,3.395,44.513,MC-N,Massif Central - North
501,73,3.462,44.523,MC-N,Massif Central - North
501,74,3.467,44.468,MC-N,Massif Central - North
501,75,3.482,44.461,MC-N,Massif Central - North
501,76,3.503,44.455,MC-N,Massif Central - North
501,77,3.531,44.409,MC-N,Massif Central - North
501,78,3.526,44.395,MC-N,Massif Central - North
501,79,3.524,44.38,MC-N,Massif Central - North
501,80,3.525,44.358,MC-N,Massif Central - North
501,81,3.56,44.309,MC-N,Massif Central - North
501,82,3.555,44.247,MC-N,Massif Central - North
501,83,3.602,44.251,MC-N,Massif Central - North
501,84,3.682,44.259,MC-N,Massif Central - North
501,85,3.761,44.268,MC-N,Massif Central - North
501,86,3.805,44.274,MC-N,Massif Central - North
501,87,3.84,44.279,MC-N,Massif Central - North
501,88,3.919,44.291,MC-N,Massif Central - North
501,89,3.996,44.304,MC-N,Massif Central - North
501,90,4.081,44.32,MC-N,Massif Central - North
501,91,4.108,44.325,MC-N,Massif Central - North
501,92,4.108,44.336,MC-N,Massif Central - North
501,93,4.105,44.348,MC-N,Massif Central - North
501,94,4.102,44.36,MC-N,Massif Central - North
501,95,4.099,44.372,MC-N,Massif Central - North
501,96,4.094,44.385,MC-N,Massif Central - North
501,97,4.104,44.46,MC-N,Massif Central - North
501,98,4.142,44.483,MC-N,Massif Central - North
501,99,4.222,44.527,MC-N,Massif Central - North
501,100,4.284,44.548,MC-N,Massif Central - North
501,101,4.302,44.563,MC-N,Massif Central - North
501,102,4.333,44.588,MC-N,Massif Central - North
501,103,4.375,44.615,MC-N,Massif Central - North
501,104,4.423,44.643,MC-N,Massif Central - North
501,105,4.437,44.649,MC-N,Massif Central - North
501,106,4.478,44.669,MC-N,Massif Central - North
501,107,4.531,44.686,MC-N,Massif Central - North
501,108,4.532,44.686,MC-N,Massif Central - North
501,109,4.537,44.685,MC-N,Massif Central - North
501,110,4.542,44.684,MC-N,Massif Central - North
501,111,4.548,44.684,MC-N,Massif Central - North
501,112,4.568,44.687,MC-N,Massif Central - North
501,113,4.582,44.689,MC-N,Massif Central - North
501,114,4.615,44.696,MC-N,Massif Central - North
501,115,4.647,44.704,MC-N,Massif Central - North
501,116,4.688,44.717,MC-N,Massif Central - North
501,117,4.711,44.729,MC-N,Massif Central - North
501,118,4.764,44.766,MC-N,Massif Central - North
501,119,4.791,44.787,MC-N,Massif Central - North
501,120,4.819,44.814,MC-N,Massif Central - North
501,121,4.843,44.844,MC-N,Massif Central - North
501,122,4.852,44.906,MC-N,Massif Central - North
501,123,4.865,44.931,MC-N,Massif Central - North
501,124,4.868,44.988,MC-N,Massif Central - North
501,125,4.89,45.06,MC-N,Massif Central - North
501,126,4.898,45.075,MC-N,Massif Central - North
501,127,4.9,45.09,MC-N,Massif Central - North
501,128,4.894,45.118,MC-N,Massif Central - North
501,129,4.889,45.138,MC-N,Massif Central - North
501,130,4.885,45.148,MC-N,Massif Central - North
501,131,4.881,45.157,MC-N,Massif Central - North
501,132,4.874,45.165,MC-N,Massif Central - North
501,133,4.869,45.17,MC-N,Massif Central - North
501,134,4.862,45.174,MC-N,Massif Central - North
501,135,4.829,45.203,MC-N,Massif Central - North
501,136,4.832,45.227,MC-N,Massif Central - North
501,137,4.832,45.243,MC-N,Massif Central - North
501,138,4.83,45.258,MC-N,Massif Central - North
501,139,4.802,45.325,MC-N,Massif Central - North
501,140,4.791,45.348,MC-N,Massif Central - North
501,141,4.777,45.376,MC-N,Massif Central - North
501,142,4.789,45.392,MC-N,Massif Central - North
501,143,4.793,45.399,MC-N,Massif Central - North
501,144,4.797,45.408,MC-N,Massif Central - North
501,145,4.823,45.456,MC-N,Massif Central - North
501,146,4.861,45.488,MC-N,Massif Central - North
501,147,4.891,45.501,MC-N,Massif Central - North
501,148,4.899,45.503,MC-N,Massif Central - North
501,149,4.907,45.505,MC-N,Massif Central - North
501,150,4.915,45.508,MC-N,Massif Central - North
501,151,4.921,45.512,MC-N,Massif Central - North
501,152,4.911,45.524,MC-N,Massif Central - North
501,153,4.868,45.57,MC-N,Massif Central - North
501,154,4.861,45.581,MC-N,Massif Central - North
501,155,4.851,45.589,MC-N,Massif Central - North
501,156,4.779,45.604,MC-N,Massif Central - North
501,157,4.773,45.657,MC-N,Massif Central - North
501,158,4.778,45.674,MC-N,Massif Central - North
501,159,4.781,45.69,MC-N,Massif Central - North
501,160,4.796,45.733,MC-N,Massif Central - North
501,161,4.835,45.75,MC-N,Massif Central - North
501,162,4.851,45.768,MC-N,Massif Central - North
501,163,4.858,45.792,MC-N,Massif Central - North
501,164,4.859,45.816,MC-N,Massif Central - North
501,165,4.85,45.871,MC-N,Massif Central - North
501,166,4.798,45.878,MC-N,Massif Central - North
501,167,4.784,45.879,MC-N,Massif Central - North
501,168,4.77,45.878,MC-N,Massif Central - North
501,169,4.701,45.871,MC-N,Massif Central - North
501,170,4.686,45.869,MC-N,Massif Central - North
501,171,4.672,45.866,MC-N,Massif Central - North
501,172,4.641,45.909,MC-N,Massif Central - North
501,173,4.656,45.937,MC-N,Massif Central - North
501,174,4.662,45.956,MC-N,Massif Central - North
501,175,4.663,45.974,MC-N,Massif Central - North
501,176,4.658,46.05,MC-N,Massif Central - North
501,177,4.686,46.106,MC-N,Massif Central - North
501,178,4.722,46.15,MC-N,Massif Central - North
501,179,4.742,46.171,MC-N,Massif Central - North
501,180,4.758,46.194,MC-N,Massif Central - North
501,181,4.765,46.208,MC-N,Massif Central - North
501,182,4.767,46.222,MC-N,Massif Central - North
501,183,4.76,46.243,MC-N,Massif Central - North
501,184,4.736,46.301,MC-N,Massif Central - North
501,185,4.735,46.382,MC-N,Massif Central - North
501,186,4.758,46.435,MC-N,Massif Central - North
501,187,4.781,46.481,MC-N,Massif Central - North
501,188,4.788,46.497,MC-N,Massif Central - North
501,189,4.796,46.512,MC-N,Massif Central - North
501,190,4.803,46.528,MC-N,Massif Central - North
501,191,4.794,46.547,MC-N,Massif Central - North
501,192,4.709,46.463,MC-N,Massif Central - North
501,193,4.686,46.47,MC-N,Massif Central - North
501,194,4.654,46.412,MC-N,Massif Central - North
501,195,4.596,46.406,MC-N,Massif Central - North
501,196,4.588,46.422,MC-N,Massif Central - North
501,197,4.58,46.434,MC-N,Massif Central - North
501,198,4.57,46.439,MC-N,Massif Central - North
501,199,4.525,46.493,MC-N,Massif Central - North
501,200,4.524,46.503,MC-N,Massif Central - North
501,201,4.511,46.561,MC-N,Massif Central - North
501,202,4.518,46.578,MC-N,Massif Central - North
501,203,4.525,46.598,MC-N,Massif Central - North
501,204,4.533,46.664,MC-N,Massif Central - North
501,205,4.547,46.68,MC-N,Massif Central - North
501,206,4.558,46.697,MC-N,Massif Central - North
501,207,4.582,46.753,MC-N,Massif Central - North
501,208,4.63,46.784,MC-N,Massif Central - North
501,209,4.628,46.817,MC-N,Massif Central - North
501,210,4.625,46.857,MC-N,Massif Central - North
501,211,4.555,46.835,MC-N,Massif Central - North
501,212,4.549,46.844,MC-N,Massif Central - North
501,213,4.538,46.85,MC-N,Massif Central - North
501,214,4.483,46.866,MC-N,Massif Central - North
501,215,4.486,46.906,MC-N,Massif Central - North
501,216,4.495,46.905,MC-N,Massif Central - North
501,217,4.502,46.907,MC-N,Massif Central - North
501,218,4.507,46.911,MC-N,Massif Central - North
501,219,4.531,46.941,MC-N,Massif Central - North
501,220,4.539,46.953,MC-N,Massif Central - North
501,221,4.547,46.969,MC-N,Massif Central - North
501,222,4.551,46.98,MC-N,Massif Central - North
501,223,4.549,46.99,MC-N,Massif Central - North
501,224,4.537,47.008,MC-N,Massif Central - North
501,225,4.516,47.025,MC-N,Massif Central - North
501,226,4.508,47.031,MC-N,Massif Central - North
501,227,4.498,47.036,MC-N,Massif Central - North
501,228,4.487,47.035,MC-N,Massif Central - North
501,229,4.477,47.03,MC-N,Massif Central - North
501,230,4.423,47.001,MC-N,Massif Central - North
501,231,4.392,47,MC-N,Massif Central - North
501,232,4.361,46.997,MC-N,Massif Central - North
501,233,4.342,46.994,MC-N,Massif Central - North
501,234,4.331,46.987,MC-N,Massif Central - North
501,235,4.286,46.97,MC-N,Massif Central - North
501,236,4.268,46.994,MC-N,Massif Central - North
501,237,4.285,47.024,MC-N,Massif Central - North
501,238,4.33,47.052,MC-N,Massif Central - North
501,239,4.342,47.053,MC-N,Massif Central - North
501,240,4.4,47.079,MC-N,Massif Central - North
501,241,4.413,47.09,MC-N,Massif Central - North
501,242,4.445,47.117,MC-N,Massif Central - North
501,243,4.456,47.125,MC-N,Massif Central - North
501,244,4.465,47.135,MC-N,Massif Central - North
501,245,4.468,47.14,MC-N,Massif Central - North
501,246,4.466,47.146,MC-N,Massif Central - North
501,247,4.458,47.151,MC-N,Massif Central - North
501,248,4.437,47.149,MC-N,Massif Central - North
501,249,4.387,47.141,MC-N,Massif Central - North
501,250,4.377,47.139,MC-N,Massif Central - North
501,251,4.37,47.132,MC-N,Massif Central - North
501,252,4.352,47.098,MC-N,Massif Central - North
501,253,4.304,47.137,MC-N,Massif Central - North
501,254,4.289,47.176,MC-N,Massif Central - North
501,255,4.296,47.219,MC-N,Massif Central - North
501,256,4.306,47.221,MC-N,Massif Central - North
501,257,4.316,47.224,MC-N,Massif Central - North
501,258,4.325,47.227,MC-N,Massif Central - North
501,259,4.336,47.245,MC-N,Massif Central - North
501,260,4.339,47.27,MC-N,Massif Central - North
501,261,4.333,47.322,MC-N,Massif Central - North
501,262,4.329,47.342,MC-N,Massif Central - North
501,263,4.324,47.363,MC-N,Massif Central - North
501,264,4.316,47.388,MC-N,Massif Central - North
501,265,4.311,47.391,MC-N,Massif Central - North
501,266,4.253,47.41,MC-N,Massif Central - North
501,267,4.252,47.418,MC-N,Massif Central - North
501,268,4.237,47.423,MC-N,Massif Central - North
501,269,4.2,47.445,MC-N,Massif Central - North
501,270,4.17,47.475,MC-N,Massif Central - North
501,271,4.165,47.482,MC-N,Massif Central - North
501,272,4.154,47.487,MC-N,Massif Central - North
501,273,4.136,47.485,MC-N,Massif Central - North
501,274,4.112,47.478,MC-N,Massif Central - North
501,275,4.023,47.47,MC-N,Massif Central - North
501,276,3.975,47.479,MC-N,Massif Central - North
501,277,3.924,47.476,MC-N,Massif Central - North
501,278,3.915,47.487,MC-N,Massif Central - North
501,279,3.908,47.492,MC-N,Massif Central - North
501,280,3.898,47.491,MC-N,Massif Central - North
501,281,3.889,47.486,MC-N,Massif Central - North
501,282,3.883,47.48,MC-N,Massif Central - North
501,283,3.879,47.473,MC-N,Massif Central - North
501,284,3.872,47.416,MC-N,Massif Central - North
501,285,3.848,47.387,MC-N,Massif Central - North
501,286,3.826,47.371,MC-N,Massif Central - North
501,287,3.811,47.352,MC-N,Massif Central - North
501,288,3.798,47.334,MC-N,Massif Central - North
501,289,3.794,47.323,MC-N,Massif Central - North
501,290,3.799,47.27,MC-N,Massif Central - North
501,291,3.787,47.239,MC-N,Massif Central - North
501,292,3.772,47.207,MC-N,Massif Central - North
501,293,3.743,47.177,MC-N,Massif Central - North
501,294,3.733,47.163,MC-N,Massif Central - North
501,295,3.733,47.155,MC-N,Massif Central - North
501,296,3.737,47.147,MC-N,Massif Central - North
501,297,3.742,47.14,MC-N,Massif Central - North
501,298,3.786,47.091,MC-N,Massif Central - North
501,299,3.796,47.072,MC-N,Massif Central - North
501,300,3.81,47.031,MC-N,Massif Central - North
501,301,3.805,46.993,MC-N,Massif Central - North
501,302,3.808,46.976,MC-N,Massif Central - North
501,303,3.81,46.915,MC-N,Massif Central - North
501,304,3.816,46.851,MC-N,Massif Central - North
501,305,3.808,46.835,MC-N,Massif Central - North
501,306,3.801,46.818,MC-N,Massif Central - North
501,307,3.801,46.794,MC-N,Massif Central - North
501,308,3.802,46.742,MC-N,Massif Central - North
501,309,3.805,46.726,MC-N,Massif Central - North
501,310,3.805,46.664,MC-N,Massif Central - North
501,311,3.768,46.628,MC-N,Massif Central - North
501,312,3.75,46.61,MC-N,Massif Central - North
501,313,3.735,46.591,MC-N,Massif Central - North
501,314,3.725,46.567,MC-N,Massif Central - North
501,315,3.714,46.479,MC-N,Massif Central - North
501,316,3.697,46.478,MC-N,Massif Central - North
501,317,3.674,46.47,MC-N,Massif Central - North
501,318,3.658,46.459,MC-N,Massif Central - North
501,319,3.643,46.446,MC-N,Massif Central - North
501,320,3.631,46.431,MC-N,Massif Central - North
501,321,3.625,46.411,MC-N,Massif Central - North
501,322,3.645,46.294,MC-N,Massif Central - North
501,323,3.642,46.286,MC-N,Massif Central - North
501,324,3.638,46.271,MC-N,Massif Central - North
501,325,3.635,46.255,MC-N,Massif Central - North
501,326,3.618,46.176,MC-N,Massif Central - North
501,327,3.594,46.181,MC-N,Massif Central - North
501,328,3.569,46.183,MC-N,Massif Central - North
501,329,3.555,46.183,MC-N,Massif Central - North
501,330,3.54,46.18,MC-N,Massif Central - North
501,331,3.528,46.176,MC-N,Massif Central - North
501,332,3.482,46.169,MC-N,Massif Central - North
501,333,3.476,46.136,MC-N,Massif Central - North
501,334,3.474,46.117,MC-N,Massif Central - North
501,335,3.476,46.093,MC-N,Massif Central - North
501,336,3.486,46.07,MC-N,Massif Central - North
501,337,3.498,46.052,MC-N,Massif Central - North
501,338,3.525,45.991,MC-N,Massif Central - North
501,339,3.528,45.918,MC-N,Massif Central - North
501,340,3.529,45.897,MC-N,Massif Central - North
501,341,3.53,45.887,MC-N,Massif Central - North
501,342,3.532,45.877,MC-N,Massif Central - North
501,343,3.543,45.843,MC-N,Massif Central - North
501,344,3.552,45.827,MC-N,Massif Central - North
501,345,3.567,45.804,MC-N,Massif Central - North
501,346,3.604,45.761,MC-N,Massif Central - North
501,347,3.576,45.729,MC-N,Massif Central - North
501,348,3.527,45.734,MC-N,Massif Central - North
501,349,3.521,45.742,MC-N,Massif Central - North
501,350,3.514,45.75,MC-N,Massif Central - North
501,351,3.504,45.754,MC-N,Massif Central - North
501,352,3.491,45.756,MC-N,Massif Central - North
501,353,3.478,45.758,MC-N,Massif Central - North
501,354,3.469,45.756,MC-N,Massif Central - North
501,355,3.457,45.749,MC-N,Massif Central - North
501,356,3.392,45.703,MC-N,Massif Central - North
501,357,3.378,45.698,MC-N,Massif Central - North
501,358,3.367,45.693,MC-N,Massif Central - North
501,359,3.353,45.679,MC-N,Massif Central - North
501,360,3.35,45.666,MC-N,Massif Central - North
501,361,3.333,45.604,MC-N,Massif Central - North
501,362,3.321,45.585,MC-N,Massif Central - North
501,363,3.319,45.563,MC-N,Massif Central - North
501,364,3.323,45.551,MC-N,Massif Central - North
501,365,3.339,45.473,MC-N,Massif Central - North
501,366,3.331,45.468,MC-N,Massif Central - North
501,367,3.326,45.461,MC-N,Massif Central - North
501,368,3.322,45.453,MC-N,Massif Central - North
501,369,3.321,45.444,MC-N,Massif Central - North
501,370,3.321,45.431,MC-N,Massif Central - North
501,371,3.326,45.418,MC-N,Massif Central - North
501,372,3.286,45.36,MC-N,Massif Central - North
501,373,3.246,45.393,MC-N,Massif Central - North
501,374,3.226,45.41,MC-N,Massif Central - North
501,375,3.202,45.428,MC-N,Massif Central - North
501,376,3.178,45.445,MC-N,Massif Central - North
501,377,3.148,45.462,MC-N,Massif Central - North
501,378,3.113,45.475,MC-N,Massif Central - North
501,379,3.076,45.465,MC-N,Massif Central - North
501,380,3.065,45.454,MC-N,Massif Central - North
501,381,3.019,45.407,MC-N,Massif Central - North
501,382,3.006,45.403,MC-N,Massif Central - North
501,383,2.996,45.397,MC-N,Massif Central - North
501,384,2.987,45.385,MC-N,Massif Central - North
501,385,2.983,45.371,MC-N,Massif Central - North
501,386,2.985,45.362,MC-N,Massif Central - North
501,387,3.018,45.304,MC-N,Massif Central - North
501,388,3.028,45.3,MC-N,Massif Central - North
501,389,3.04,45.253,MC-N,Massif Central - North
501,390,3.022,45.248,MC-N,Massif Central - North
501,391,3.008,45.24,MC-N,Massif Central - North
501,392,3,45.232,MC-N,Massif Central - North
501,393,2.997,45.22,MC-N,Massif Central - North
501,394,3.017,45.155,MC-N,Massif Central - North
501,395,3.033,45.141,MC-N,Massif Central - North
501,396,3.068,45.136,MC-N,Massif Central - North
501,397,3.088,45.124,MC-N,Massif Central - North
501,398,3.104,45.11,MC-N,Massif Central - North
501,399,3.071,45.086,MC-N,Massif Central - North
501,400,3.028,45.078,MC-N,Massif Central - North
501,401,3.023,45.073,MC-N,Massif Central - North
501,402,3.019,45.068,MC-N,Massif Central - North
501,403,3.015,45.062,MC-N,Massif Central - North
501,404,3.012,45.056,MC-N,Massif Central - North
501,405,3.005,45.042,MC-N,Massif Central - North
501,406,3.026,44.986,MC-N,Massif Central - North
501,407,3.02,44.951,MC-N,Massif Central - North
501,408,2.975,44.926,MC-N,Massif Central - North
501,409,2.955,44.938,MC-N,Massif Central - North
501,410,2.947,44.941,MC-N,Massif Central - North
501,411,2.94,44.938,MC-N,Massif Central - North
501,412,2.9,44.909,MC-N,Massif Central - North
501,413,2.855,44.909,MC-N,Massif Central - North
501,414,2.843,44.914,MC-N,Massif Central - North
501,415,2.83,44.913,MC-N,Massif Central - North
501,416,2.818,44.911,MC-N,Massif Central - North
501,417,2.806,44.908,MC-N,Massif Central - North
501,418,2.768,44.899,MC-N,Massif Central - North
501,419,2.735,44.846,MC-N,Massif Central - North
501,420,2.656,44.859,MC-N,Massif Central - North
501,421,2.65,44.868,MC-N,Massif Central - North
501,422,2.643,44.877,MC-N,Massif Central - North
501,423,2.634,44.884,MC-N,Massif Central - North
501,424,2.619,44.89,MC-N,Massif Central - North
501,425,2.571,44.909,MC-N,Massif Central - North
501,426,2.582,44.941,MC-N,Massif Central - North
501,427,2.586,44.951,MC-N,Massif Central - North
501,428,2.587,44.955,MC-N,Massif Central - North
501,429,2.586,44.96,MC-N,Massif Central - North
501,430,2.584,44.963,MC-N,Massif Central - North
501,431,2.573,44.961,MC-N,Massif Central - North
501,432,2.526,44.926,MC-N,Massif Central - North
501,433,2.5,44.922,MC-N,Massif Central - North
501,434,2.479,44.9,MC-N,Massif Central - North
501,435,2.43,44.881,MC-N,Massif Central - North
501,436,2.374,44.935,MC-N,Massif Central - North
501,437,2.401,44.973,MC-N,Massif Central - North
501,438,2.426,44.984,MC-N,Massif Central - North
501,439,2.445,44.998,MC-N,Massif Central - North
501,440,2.45,45.003,MC-N,Massif Central - North
501,441,2.454,45.008,MC-N,Massif Central - North
501,442,2.454,45.012,MC-N,Massif Central - North
501,443,2.413,45.05,MC-N,Massif Central - North
501,444,2.421,45.06,MC-N,Massif Central - North
501,445,2.42,45.071,MC-N,Massif Central - North
501,446,2.396,45.113,MC-N,Massif Central - North
501,447,2.402,45.117,MC-N,Massif Central - North
501,448,2.4,45.124,MC-N,Massif Central - North
501,449,2.386,45.134,MC-N,Massif Central - North
501,450,2.347,45.124,MC-N,Massif Central - North
501,451,2.31,45.126,MC-N,Massif Central - North
501,452,2.294,45.14,MC-N,Massif Central - North
501,453,2.315,45.178,MC-N,Massif Central - North
501,454,2.324,45.176,MC-N,Massif Central - North
501,455,2.334,45.175,MC-N,Massif Central - North
501,456,2.345,45.175,MC-N,Massif Central - North
501,457,2.355,45.177,MC-N,Massif Central - North
501,458,2.362,45.18,MC-N,Massif Central - North
501,459,2.367,45.184,MC-N,Massif Central - North
501,460,2.39,45.236,MC-N,Massif Central - North
501,461,2.407,45.234,MC-N,Massif Central - North
501,462,2.423,45.234,MC-N,Massif Central - North
501,463,2.439,45.237,MC-N,Massif Central - North
501,464,2.449,45.242,MC-N,Massif Central - North
501,465,2.458,45.248,MC-N,Massif Central - North
501,466,2.463,45.256,MC-N,Massif Central - North
501,467,2.472,45.309,MC-N,Massif Central - North
501,468,2.502,45.302,MC-N,Massif Central - North
501,469,2.528,45.282,MC-N,Massif Central - North
501,470,2.545,45.27,MC-N,Massif Central - North
501,471,2.581,45.255,MC-N,Massif Central - North
501,472,2.667,45.226,MC-N,Massif Central - North
501,473,2.674,45.19,MC-N,Massif Central - North
501,474,2.678,45.185,MC-N,Massif Central - North
501,475,2.683,45.183,MC-N,Massif Central - North
501,476,2.691,45.189,MC-N,Massif Central - North
501,477,2.701,45.202,MC-N,Massif Central - North
501,478,2.708,45.212,MC-N,Massif Central - North
501,479,2.727,45.253,MC-N,Massif Central - North
501,480,2.757,45.27,MC-N,Massif Central - North
501,481,2.776,45.245,MC-N,Massif Central - North
501,482,2.791,45.239,MC-N,Massif Central - North
501,483,2.81,45.238,MC-N,Massif Central - North
501,484,2.815,45.242,MC-N,Massif Central - North
501,485,2.817,45.247,MC-N,Massif Central - North
501,486,2.827,45.298,MC-N,Massif Central - North
501,487,2.856,45.31,MC-N,Massif Central - North
501,488,2.869,45.307,MC-N,Massif Central - North
501,489,2.879,45.307,MC-N,Massif Central - North
501,490,2.889,45.308,MC-N,Massif Central - North
501,491,2.898,45.31,MC-N,Massif Central - North
501,492,2.907,45.32,MC-N,Massif Central - North
501,493,2.9,45.334,MC-N,Massif Central - North
501,494,2.887,45.347,MC-N,Massif Central - North
501,495,2.819,45.399,MC-N,Massif Central - North
501,496,2.761,45.442,MC-N,Massif Central - North
501,497,2.762,45.453,MC-N,Massif Central - North
501,498,2.759,45.463,MC-N,Massif Central - North
501,499,2.749,45.474,MC-N,Massif Central - North
501,500,2.737,45.482,MC-N,Massif Central - North
501,501,2.719,45.49,MC-N,Massif Central - North
501,502,2.702,45.495,MC-N,Massif Central - North
501,503,2.685,45.5,MC-N,Massif Central - North
501,504,2.668,45.504,MC-N,Massif Central - North
501,505,2.619,45.552,MC-N,Massif Central - North
501,506,2.609,45.569,MC-N,Massif Central - North
501,507,2.623,45.593,MC-N,Massif Central - North
501,508,2.64,45.59,MC-N,Massif Central - North
501,509,2.657,45.592,MC-N,Massif Central - North
501,510,2.673,45.598,MC-N,Massif Central - North
501,511,2.719,45.642,MC-N,Massif Central - North
501,512,2.752,45.668,MC-N,Massif Central - North
501,513,2.769,45.707,MC-N,Massif Central - North
501,514,2.797,45.719,MC-N,Massif Central - North
501,515,2.827,45.753,MC-N,Massif Central - North
501,516,2.871,45.786,MC-N,Massif Central - North
501,517,2.881,45.799,MC-N,Massif Central - North
501,518,2.916,45.851,MC-N,Massif Central - North
501,519,2.932,45.862,MC-N,Massif Central - North
501,520,2.97,45.888,MC-N,Massif Central - North
501,521,2.991,45.883,MC-N,Massif Central - North
501,522,3.045,45.925,MC-N,Massif Central - North
501,523,3.082,45.954,MC-N,Massif Central - North
501,524,3.097,46.001,MC-N,Massif Central - North
501,525,3.113,46.016,MC-N,Massif Central - North
501,526,3.144,46.044,MC-N,Massif Central - North
501,527,3.154,46.058,MC-N,Massif Central - North
501,528,3.161,46.079,MC-N,Massif Central - North
501,529,3.165,46.093,MC-N,Massif Central - North
501,530,3.168,46.108,MC-N,Massif Central - North
501,531,3.17,46.122,MC-N,Massif Central - North
501,532,3.171,46.129,MC-N,Massif Central - North
501,533,3.137,46.199,MC-N,Massif Central - North
501,534,3.159,46.206,MC-N,Massif Central - North
501,535,3.171,46.214,MC-N,Massif Central - North
501,536,3.179,46.223,MC-N,Massif Central - North
501,537,3.185,46.236,MC-N,Massif Central - North
501,538,3.191,46.249,MC-N,Massif Central - North
501,539,3.196,46.262,MC-N,Massif Central - North
501,540,3.211,46.312,MC-N,Massif Central - North
501,541,3.228,46.346,MC-N,Massif Central - North
501,542,3.262,46.407,MC-N,Massif Central - North
501,543,3.264,46.416,MC-N,Massif Central - North
501,544,3.264,46.425,MC-N,Massif Central - North
501,545,3.264,46.436,MC-N,Massif Central - North
501,546,3.261,46.444,MC-N,Massif Central - North
501,547,3.244,46.48,MC-N,Massif Central - North
501,548,3.22,46.532,MC-N,Massif Central - North
501,549,3.215,46.545,MC-N,Massif Central - North
501,550,3.207,46.549,MC-N,Massif Central - North
501,551,3.18,46.54,MC-N,Massif Central - North
501,552,3.148,46.53,MC-N,Massif Central - North
501,553,3.123,46.552,MC-N,Massif Central - North
501,554,3.128,46.572,MC-N,Massif Central - North
501,555,3.153,46.618,MC-N,Massif Central - North
501,556,3.129,46.657,MC-N,Massif Central - North
501,557,3.068,46.636,MC-N,Massif Central - North
501,558,3.051,46.645,MC-N,Massif Central - North
501,559,3.037,46.651,MC-N,Massif Central - North
501,560,3.026,46.652,MC-N,Massif Central - North
501,561,3.015,46.65,MC-N,Massif Central - North
501,562,3.004,46.644,MC-N,Massif Central - North
501,563,2.964,46.608,MC-N,Massif Central - North
501,564,2.955,46.599,MC-N,Massif Central - North
501,565,2.946,46.589,MC-N,Massif Central - North
501,566,2.909,46.553,MC-N,Massif Central - North
501,567,2.878,46.575,MC-N,Massif Central - North
501,568,2.869,46.607,MC-N,Massif Central - North
501,569,2.87,46.634,MC-N,Massif Central - North
501,570,2.868,46.651,MC-N,Massif Central - North
501,571,2.865,46.658,MC-N,Massif Central - North
501,572,2.859,46.665,MC-N,Massif Central - North
501,573,2.848,46.669,MC-N,Massif Central - North
501,574,2.827,46.665,MC-N,Massif Central - North
501,575,2.772,46.643,MC-N,Massif Central - North
501,576,2.74,46.639,MC-N,Massif Central - North
501,577,2.726,46.63,MC-N,Massif Central - North
501,578,2.666,46.582,MC-N,Massif Central - North
501,579,2.651,46.594,MC-N,Massif Central - North
501,580,2.643,46.601,MC-N,Massif Central - North
501,581,2.633,46.606,MC-N,Massif Central - North
501,582,2.618,46.609,MC-N,Massif Central - North
501,583,2.603,46.609,MC-N,Massif Central - North
501,584,2.564,46.532,MC-N,Massif Central - North
501,585,2.553,46.532,MC-N,Massif Central - North
501,586,2.518,46.539,MC-N,Massif Central - North
501,587,2.511,46.556,MC-N,Massif Central - North
501,588,2.492,46.591,MC-N,Massif Central - North
501,589,2.436,46.593,MC-N,Massif Central - North
501,590,2.342,46.595,MC-N,Massif Central - North
501,591,2.227,46.567,MC-N,Massif Central - North
501,592,2.216,46.566,MC-N,Massif Central - North
501,593,2.19,46.563,MC-N,Massif Central - North
501,594,2.155,46.558,MC-N,Massif Central - North
501,595,2.083,46.543,MC-N,Massif Central - North
501,596,2.032,46.556,MC-N,Massif Central - North
501,597,2.017,46.564,MC-N,Massif Central - North
501,598,2,46.571,MC-N,Massif Central - North
501,599,1.988,46.573,MC-N,Massif Central - North
501,600,1.978,46.572,MC-N,Massif Central - North
501,601,1.969,46.572,MC-N,Massif Central - North
501,602,1.905,46.567,MC-N,Massif Central - North
501,603,1.875,46.577,MC-N,Massif Central - North
501,604,1.845,46.582,MC-N,Massif Central - North
501,605,1.801,46.593,MC-N,Massif Central - North
501,606,1.771,46.588,MC-N,Massif Central - North
501,607,1.742,46.58,MC-N,Massif Central - North
501,608,1.667,46.546,MC-N,Massif Central - North
501,609,1.596,46.548,MC-N,Massif Central - North
501,610,1.579,46.55,MC-N,Massif Central - North
501,611,1.562,46.549,MC-N,Massif Central - North
501,612,1.545,46.546,MC-N,Massif Central - North
501,613,1.52,46.539,MC-N,Massif Central - North
501,614,1.514,46.535,MC-N,Massif Central - North
501,615,1.513,46.528,MC-N,Massif Central - North
501,616,1.48,46.48,MC-N,Massif Central - North
501,617,1.472,46.437,MC-N,Massif Central - North
501,618,1.463,46.396,MC-N,Massif Central - North
501,619,1.432,46.387,MC-N,Massif Central - North
501,620,1.429,46.4,MC-N,Massif Central - North
501,621,1.422,46.42,MC-N,Massif Central - North
501,622,1.413,46.439,MC-N,Massif Central - North
501,623,1.403,46.452,MC-N,Massif Central - North
501,624,1.36,46.498,MC-N,Massif Central - North
501,625,1.336,46.496,MC-N,Massif Central - North
501,626,1.291,46.497,MC-N,Massif Central - North
501,627,1.265,46.491,MC-N,Massif Central - North
501,628,1.249,46.482,MC-N,Massif Central - North
501,629,1.197,46.443,MC-N,Massif Central - North
501,630,1.151,46.439,MC-N,Massif Central - North
501,631,1.116,46.388,MC-N,Massif Central - North
501,632,1.093,46.39,MC-N,Massif Central - North
501,633,1.062,46.379,MC-N,Massif Central - North
501,634,1.049,46.385,MC-N,Massif Central - North
501,635,1.022,46.384,MC-N,Massif Central - North
501,636,0.966,46.381,MC-N,Massif Central - North
501,637,0.868,46.386,MC-N,Massif Central - North
501,638,0.858,46.384,MC-N,Massif Central - North
501,639,0.849,46.381,MC-N,Massif Central - North
501,640,0.841,46.377,MC-N,Massif Central - North
501,641,0.789,46.351,MC-N,Massif Central - North
501,642,0.78,46.358,MC-N,Massif Central - North
501,643,0.769,46.364,MC-N,Massif Central - North
501,644,0.753,46.368,MC-N,Massif Central - North
501,645,0.734,46.369,MC-N,Massif Central - North
501,646,0.716,46.367,MC-N,Massif Central - North
501,647,0.704,46.365,MC-N,Massif Central - North
501,648,0.691,46.363,MC-N,Massif Central - North
501,649,0.681,46.358,MC-N,Massif Central - North
501,650,0.636,46.337,MC-N,Massif Central - North
501,651,0.623,46.339,MC-N,Massif Central - North
501,652,0.608,46.298,MC-N,Massif Central - North
501,653,0.68,46.251,MC-N,Massif Central - North
501,654,0.708,46.213,MC-N,Massif Central - North
501,655,0.672,46.189,MC-N,Massif Central - North
501,656,0.629,46.199,MC-N,Massif Central - North
501,657,0.57,46.163,MC-N,Massif Central - North
501,658,0.532,46.182,MC-N,Massif Central - North
501,659,0.525,46.111,MC-N,Massif Central - North
501,660,0.526,46.098,MC-N,Massif Central - North
501,661,0.53,46.071,MC-N,Massif Central - North
501,662,0.55,46.016,MC-N,Massif Central - North
501,663,0.54,46.007,MC-N,Massif Central - North
501,664,0.575,45.954,MC-N,Massif Central - North
501,665,0.56,45.907,MC-N,Massif Central - North
501,666,0.541,45.89,MC-N,Massif Central - North
501,667,0.515,45.857,MC-N,Massif Central - North
501,668,0.47,45.848,MC-N,Massif Central - North
501,669,0.462,45.85,MC-N,Massif Central - North
501,670,0.454,45.85,MC-N,Massif Central - North
501,671,0.462,45.838,MC-N,Massif Central - North
501,672,0.494,45.796,MC-N,Massif Central - North
501,673,0.479,45.782,MC-N,Massif Central - North
501,674,0.466,45.728,MC-N,Massif Central - North
501,675,0.515,45.685,MC-N,Massif Central - North
501,676,0.512,45.661,MC-N,Massif Central - North
501,677,0.554,45.611,MC-N,Massif Central - North
501,678,0.558,45.595,MC-N,Massif Central - North
501,679,0.566,45.581,MC-N,Massif Central - North
501,680,0.592,45.544,MC-N,Massif Central - North
501,681,0.602,45.541,MC-N,Massif Central - North
501,682,0.612,45.538,MC-N,Massif Central - North
501,683,0.622,45.535,MC-N,Massif Central - North
501,684,0.632,45.532,MC-N,Massif Central - North
501,685,0.642,45.53,MC-N,Massif Central - North
501,686,0.652,45.528,MC-N,Massif Central - North
501,687,0.679,45.515,MC-N,Massif Central - North
501,688,0.697,45.508,MC-N,Massif Central - North
501,689,0.736,45.498,MC-N,Massif Central - North
501,690,0.755,45.476,MC-N,Massif Central - North
501,691,0.772,45.468,MC-N,Massif Central - North
501,692,0.816,45.455,MC-N,Massif Central - North
501,693,0.823,45.434,MC-N,Massif Central - North
501,694,0.833,45.425,MC-N,Massif Central - North
501,695,0.877,45.408,MC-N,Massif Central - North
501,696,0.899,45.398,MC-N,Massif Central - North
501,697,0.923,45.39,MC-N,Massif Central - North
501,698,0.977,45.376,MC-N,Massif Central - North
501,699,1.021,45.343,MC-N,Massif Central - North
501,700,1.036,45.319,MC-N,Massif Central - North
501,701,1.052,45.304,MC-N,Massif Central - North
501,702,1.111,45.274,MC-N,Massif Central - North
501,703,1.111,45.261,MC-N,Massif Central - North
501,704,1.123,45.214,MC-N,Massif Central - North
501,705,1.117,45.206,MC-N,Massif Central - North
501,706,1.117,45.197,MC-N,Massif Central - North
501,707,1.121,45.185,MC-N,Massif Central - North
501,708,1.127,45.178,MC-N,Massif Central - North
501,709,1.136,45.173,MC-N,Massif Central - North
501,710,1.152,45.167,MC-N,Massif Central - North
501,711,1.205,45.155,MC-N,Massif Central - North
501,712,1.237,45.141,MC-N,Massif Central - North
501,713,1.266,45.137,MC-N,Massif Central - North
501,714,1.284,45.138,MC-N,Massif Central - North
501,715,1.357,45.14,MC-N,Massif Central - North
501,716,1.373,45.131,MC-N,Massif Central - North
501,717,1.39,45.124,MC-N,Massif Central - North
501,718,1.408,45.122,MC-N,Massif Central - North
501,719,1.423,45.124,MC-N,Massif Central - North
501,720,1.437,45.127,MC-N,Massif Central - North
501,721,1.514,45.193,MC-N,Massif Central - North
501,722,1.545,45.154,MC-N,Massif Central - North
501,723,1.541,45.103,MC-N,Massif Central - North
501,724,1.556,45.09,MC-N,Massif Central - North
501,725,1.582,45.08,MC-N,Massif Central - North
501,726,1.618,45.071,MC-N,Massif Central - North
501,727,1.698,45.062,MC-N,Massif Central - North
501,728,1.745,45.038,MC-N,Massif Central - North
501,729,1.751,45.033,MC-N,Massif Central - North
501,730,1.763,45.029,MC-N,Massif Central - North
501,731,1.818,45.017,MC-N,Massif Central - North
501,732,1.839,44.979,MC-N,Massif Central - North
501,733,1.868,44.92,MC-N,Massif Central - North
501,734,1.873,44.831,MC-N,Massif Central - North
501,735,1.841,44.83,MC-N,Massif Central - North
501,736,1.846,44.809,MC-N,Massif Central - North
501,737,1.852,44.788,MC-N,Massif Central - North
501,738,1.86,44.768,MC-N,Massif Central - North
501,739,1.876,44.746,MC-N,Massif Central - North
501,740,1.936,44.712,MC-N,Massif Central - North
501,741,1.967,44.685,MC-N,Massif Central - North
501,742,1.992,44.67,MC-N,Massif Central - North
501,743,2.065,44.604,MC-N,Massif Central - North
501,744,2.068,44.57,MC-N,Massif Central - North
501,745,2.073,44.55,MC-N,Massif Central - North
501,746,2.089,44.511,MC-N,Massif Central - North
501,747,2.09,44.492,MC-N,Massif Central - North
501,748,2.14,44.489,MC-N,Massif Central - North
501,749,2.145,44.484,MC-N,Massif Central - North
501,750,2.152,44.481,MC-N,Massif Central - North
501,751,2.181,44.449,MC-N,Massif Central - North
501,752,2.178,44.43,MC-N,Massif Central - North
501,753,2.151,44.384,MC-N,Massif Central - North
501,754,2.117,44.386,MC-N,Massif Central - North
501,755,2.086,44.399,MC-N,Massif Central - North
501,756,2.064,44.444,MC-N,Massif Central - North
501,757,2.036,44.393,MC-N,Massif Central - North
501,758,2.03,44.373,MC-N,Massif Central - North
502,0,2.346,43.321,MC-SW,Massif Central - SouthWest
502,1,2.385,43.321,MC-SW,Massif Central - SouthWest
502,2,2.427,43.323,MC-SW,Massif Central - SouthWest
502,3,2.446,43.325,MC-SW,Massif Central - SouthWest
502,4,2.47,43.328,MC-SW,Massif Central - SouthWest
502,5,2.491,43.332,MC-SW,Massif Central - SouthWest
502,6,2.512,43.338,MC-SW,Massif Central - SouthWest
502,7,2.535,43.345,MC-SW,Massif Central - SouthWest
502,8,2.582,43.36,MC-SW,Massif Central - SouthWest
502,9,2.648,43.372,MC-SW,Massif Central - SouthWest
502,10,2.693,43.366,MC-SW,Massif Central - SouthWest
502,11,2.706,43.367,MC-SW,Massif Central - SouthWest
502,12,2.765,43.378,MC-SW,Massif Central - SouthWest
502,13,2.818,43.396,MC-SW,Massif Central - SouthWest
502,14,2.886,43.418,MC-SW,Massif Central - SouthWest
502,15,2.901,43.421,MC-SW,Massif Central - SouthWest
502,16,2.932,43.432,MC-SW,Massif Central - SouthWest
502,17,2.957,43.442,MC-SW,Massif Central - SouthWest
502,18,3.002,43.467,MC-SW,Massif Central - SouthWest
502,19,3.026,43.478,MC-SW,Massif Central - SouthWest
502,20,3.084,43.5,MC-SW,Massif Central - SouthWest
502,21,3.133,43.508,MC-SW,Massif Central - SouthWest
502,22,3.185,43.515,MC-SW,Massif Central - SouthWest
502,23,3.222,43.521,MC-SW,Massif Central - SouthWest
502,24,3.233,43.523,MC-SW,Massif Central - SouthWest
502,25,3.243,43.525,MC-SW,Massif Central - SouthWest
502,26,3.261,43.53,MC-SW,Massif Central - SouthWest
502,27,3.283,43.537,MC-SW,Massif Central - SouthWest
502,28,3.308,43.546,MC-SW,Massif Central - SouthWest
502,29,3.335,43.553,MC-SW,Massif Central - SouthWest
502,30,3.356,43.56,MC-SW,Massif Central - SouthWest
502,31,3.368,43.567,MC-SW,Massif Central - SouthWest
502,32,3.378,43.576,MC-SW,Massif Central - SouthWest
502,33,3.383,43.59,MC-SW,Massif Central - SouthWest
502,34,3.377,43.638,MC-SW,Massif Central - SouthWest
502,35,3.408,43.654,MC-SW,Massif Central - SouthWest
502,36,3.419,43.661,MC-SW,Massif Central - SouthWest
502,37,3.429,43.668,MC-SW,Massif Central - SouthWest
502,38,3.438,43.676,MC-SW,Massif Central - SouthWest
502,39,3.442,43.686,MC-SW,Massif Central - SouthWest
502,40,3.426,43.722,MC-SW,Massif Central - SouthWest
502,41,3.416,43.734,MC-SW,Massif Central - SouthWest
502,42,3.404,43.742,MC-SW,Massif Central - SouthWest
502,43,3.39,43.745,MC-SW,Massif Central - SouthWest
502,44,3.369,43.743,MC-SW,Massif Central - SouthWest
502,45,3.348,43.739,MC-SW,Massif Central - SouthWest
502,46,3.328,43.734,MC-SW,Massif Central - SouthWest
502,47,3.32,43.731,MC-SW,Massif Central - SouthWest
502,48,3.303,43.718,MC-SW,Massif Central - SouthWest
502,49,3.292,43.708,MC-SW,Massif Central - SouthWest
502,50,3.213,43.675,MC-SW,Massif Central - SouthWest
502,51,3.171,43.715,MC-SW,Massif Central - SouthWest
502,52,3.164,43.74,MC-SW,Massif Central - SouthWest
502,53,3.152,43.749,MC-SW,Massif Central - SouthWest
502,54,3.125,43.763,MC-SW,Massif Central - SouthWest
502,55,3.116,43.769,MC-SW,Massif Central - SouthWest
502,56,3.077,43.81,MC-SW,Massif Central - SouthWest
502,57,3.086,43.856,MC-SW,Massif Central - SouthWest
502,58,3.125,43.863,MC-SW,Massif Central - SouthWest
502,59,3.091,43.879,MC-SW,Massif Central - SouthWest
502,60,3.074,43.886,MC-SW,Massif Central - SouthWest
502,61,3.056,43.891,MC-SW,Massif Central - SouthWest
502,62,3.036,43.895,MC-SW,Massif Central - SouthWest
502,63,2.968,43.893,MC-SW,Massif Central - SouthWest
502,64,2.918,43.915,MC-SW,Massif Central - SouthWest
502,65,2.911,43.956,MC-SW,Massif Central - SouthWest
502,66,2.908,43.966,MC-SW,Massif Central - SouthWest
502,67,2.899,43.972,MC-SW,Massif Central - SouthWest
502,68,2.845,43.988,MC-SW,Massif Central - SouthWest
502,69,2.833,44.046,MC-SW,Massif Central - SouthWest
502,70,2.86,44.064,MC-SW,Massif Central - SouthWest
502,71,2.871,44.071,MC-SW,Massif Central - SouthWest
502,72,2.91,44.1,MC-SW,Massif Central - SouthWest
502,73,2.933,44.107,MC-SW,Massif Central - SouthWest
502,74,2.944,44.112,MC-SW,Massif Central - SouthWest
502,75,2.955,44.119,MC-SW,Massif Central - SouthWest
502,76,2.965,44.127,MC-SW,Massif Central - SouthWest
502,77,2.974,44.141,MC-SW,Massif Central - SouthWest
502,78,2.974,44.161,MC-SW,Massif Central - SouthWest
502,79,2.975,44.231,MC-SW,Massif Central - SouthWest
502,80,2.994,44.238,MC-SW,Massif Central - SouthWest
502,81,2.995,44.238,MC-SW,Massif Central - SouthWest
502,82,2.962,44.24,MC-SW,Massif Central - SouthWest
502,83,2.878,44.245,MC-SW,Massif Central - SouthWest
502,84,2.805,44.25,MC-SW,Massif Central - SouthWest
502,85,2.72,44.258,MC-SW,Massif Central - SouthWest
502,86,2.635,44.267,MC-SW,Massif Central - SouthWest
502,87,2.582,44.273,MC-SW,Massif Central - SouthWest
502,88,2.561,44.276,MC-SW,Massif Central - SouthWest
502,89,2.476,44.287,MC-SW,Massif Central - SouthWest
502,90,2.402,44.298,MC-SW,Massif Central - SouthWest
502,91,2.317,44.312,MC-SW,Massif Central - SouthWest
502,92,2.241,44.326,MC-SW,Massif Central - SouthWest
502,93,2.16,44.342,MC-SW,Massif Central - SouthWest
502,94,2.111,44.353,MC-SW,Massif Central - SouthWest
502,95,2.078,44.361,MC-SW,Massif Central - SouthWest
502,96,2.03,44.373,MC-SW,Massif Central - SouthWest
502,97,2.024,44.352,MC-SW,Massif Central - SouthWest
502,98,2.015,44.354,MC-SW,Massif Central - SouthWest
502,99,2.036,44.294,MC-SW,Massif Central - SouthWest
502,100,1.977,44.285,MC-SW,Massif Central - SouthWest
502,101,1.94,44.216,MC-SW,Massif Central - SouthWest
502,102,1.911,44.165,MC-SW,Massif Central - SouthWest
502,103,1.893,44.14,MC-SW,Massif Central - SouthWest
502,104,1.879,44.118,MC-SW,Massif Central - SouthWest
502,105,1.934,44.122,MC-SW,Massif Central - SouthWest
502,106,1.982,44.125,MC-SW,Massif Central - SouthWest
502,107,1.994,44.115,MC-SW,Massif Central - SouthWest
502,108,2.008,44.107,MC-SW,Massif Central - SouthWest
502,109,2.026,44.1,MC-SW,Massif Central - SouthWest
502,110,2.044,44.097,MC-SW,Massif Central - SouthWest
502,111,2.095,44.083,MC-SW,Massif Central - SouthWest
502,112,2.139,44.056,MC-SW,Massif Central - SouthWest
502,113,2.157,44.049,MC-SW,Massif Central - SouthWest
502,114,2.229,44.023,MC-SW,Massif Central - SouthWest
502,115,2.239,43.987,MC-SW,Massif Central - SouthWest
502,116,2.21,43.98,MC-SW,Massif Central - SouthWest
502,117,2.198,43.977,MC-SW,Massif Central - SouthWest
502,118,2.192,43.973,MC-SW,Massif Central - SouthWest
502,119,2.188,43.967,MC-SW,Massif Central - SouthWest
502,120,2.19,43.959,MC-SW,Massif Central - SouthWest
502,121,2.201,43.949,MC-SW,Massif Central - SouthWest
502,122,2.237,43.923,MC-SW,Massif Central - SouthWest
502,123,2.242,43.887,MC-SW,Massif Central - SouthWest
502,124,2.239,43.883,MC-SW,Massif Central - SouthWest
502,125,2.24,43.877,MC-SW,Massif Central - SouthWest
502,126,2.246,43.83,MC-SW,Massif Central - SouthWest
502,127,2.232,43.817,MC-SW,Massif Central - SouthWest
502,128,2.22,43.803,MC-SW,Massif Central - SouthWest
502,129,2.21,43.786,MC-SW,Massif Central - SouthWest
502,130,2.213,43.754,MC-SW,Massif Central - SouthWest
502,131,2.218,43.738,MC-SW,Massif Central - SouthWest
502,132,2.259,43.706,MC-SW,Massif Central - SouthWest
502,133,2.252,43.696,MC-SW,Massif Central - SouthWest
502,134,2.246,43.686,MC-SW,Massif Central - SouthWest
502,135,2.24,43.664,MC-SW,Massif Central - SouthWest
502,136,2.246,43.645,MC-SW,Massif Central - SouthWest
502,137,2.298,43.59,MC-SW,Massif Central - SouthWest
502,138,2.302,43.577,MC-SW,Massif Central - SouthWest
502,139,2.318,43.555,MC-SW,Massif Central - SouthWest
502,140,2.316,43.504,MC-SW,Massif Central - SouthWest
502,141,2.289,43.51,MC-SW,Massif Central - SouthWest
502,142,2.276,43.516,MC-SW,Massif Central - SouthWest
502,143,2.265,43.521,MC-SW,Massif Central - SouthWest
502,144,2.249,43.523,MC-SW,Massif Central - SouthWest
502,145,2.227,43.519,MC-SW,Massif Central - SouthWest
502,146,2.204,43.508,MC-SW,Massif Central - SouthWest
502,147,2.191,43.497,MC-SW,Massif Central - SouthWest
502,148,2.148,43.46,MC-SW,Massif Central - SouthWest
502,149,2.113,43.44,MC-SW,Massif Central - SouthWest
502,150,2.081,43.424,MC-SW,Massif Central - SouthWest
502,151,2.037,43.408,MC-SW,Massif Central - SouthWest
502,152,1.973,43.395,MC-SW,Massif Central - SouthWest
502,153,2.021,43.353,MC-SW,Massif Central - SouthWest
502,154,2.076,43.324,MC-SW,Massif Central - SouthWest
502,155,2.158,43.324,MC-SW,Massif Central - SouthWest
502,156,2.17,43.321,MC-SW,Massif Central - SouthWest
502,157,2.185,43.323,MC-SW,Massif Central - SouthWest
502,158,2.255,43.335,MC-SW,Massif Central - SouthWest
502,159,2.269,43.332,MC-SW,Massif Central - SouthWest
502,160,2.325,43.325,MC-SW,Massif Central - SouthWest
502,161,2.346,43.321,MC-SW,Massif Central - SouthWest
503,0,3.555,44.247,MC-SE,Massif Central-SouthEast
503,1,3.554,44.238,MC-SE,Massif Central-SouthEast
503,2,3.538,44.219,MC-SE,Massif Central-SouthEast
503,3,3.51,44.197,MC-SE,Massif Central-SouthEast
503,4,3.485,44.184,MC-SE,Massif Central-SouthEast
503,5,3.431,44.158,MC-SE,Massif Central-SouthEast
503,6,3.409,44.154,MC-SE,Massif Central-SouthEast
503,7,3.398,44.127,MC-SE,Massif Central-SouthEast
503,8,3.375,44.061,MC-SE,Massif Central-SouthEast
503,9,3.334,43.997,MC-SE,Massif Central-SouthEast
503,10,3.315,43.974,MC-SE,Massif Central-SouthEast
503,11,3.342,43.97,MC-SE,Massif Central-SouthEast
503,12,3.379,43.966,MC-SE,Massif Central-SouthEast
503,13,3.402,43.964,MC-SE,Massif Central-SouthEast
503,14,3.424,43.963,MC-SE,Massif Central-SouthEast
503,15,3.451,43.964,MC-SE,Massif Central-SouthEast
503,16,3.473,43.966,MC-SE,Massif Central-SouthEast
503,17,3.527,43.973,MC-SE,Massif Central-SouthEast
503,18,3.564,43.975,MC-SE,Massif Central-SouthEast
503,19,3.576,43.928,MC-SE,Massif Central-SouthEast
503,20,3.603,43.929,MC-SE,Massif Central-SouthEast
503,21,3.622,43.93,MC-SE,Massif Central-SouthEast
503,22,3.639,43.933,MC-SE,Massif Central-SouthEast
503,23,3.684,43.972,MC-SE,Massif Central-SouthEast
503,24,3.738,44.024,MC-SE,Massif Central-SouthEast
503,25,3.759,44.025,MC-SE,Massif Central-SouthEast
503,26,3.777,44.02,MC-SE,Massif Central-SouthEast
503,27,3.796,44.016,MC-SE,Massif Central-SouthEast
503,28,3.815,44.014,MC-SE,Massif Central-SouthEast
503,29,3.829,44.014,MC-SE,Massif Central-SouthEast
503,30,3.842,44.016,MC-SE,Massif Central-SouthEast
503,31,3.854,44.02,MC-SE,Massif Central-SouthEast
503,32,3.869,44.029,MC-SE,Massif Central-SouthEast
503,33,3.881,44.04,MC-SE,Massif Central-SouthEast
503,34,3.887,44.047,MC-SE,Massif Central-SouthEast
503,35,3.891,44.055,MC-SE,Massif Central-SouthEast
503,36,3.933,44.141,MC-SE,Massif Central-SouthEast
503,37,3.973,44.133,MC-SE,Massif Central-SouthEast
503,38,3.981,44.132,MC-SE,Massif Central-SouthEast
503,39,3.995,44.135,MC-SE,Massif Central-SouthEast
503,40,4.01,44.141,MC-SE,Massif Central-SouthEast
503,41,3.97,44.27,MC-SE,Massif Central-SouthEast
503,42,4,44.295,MC-SE,Massif Central-SouthEast
503,43,4.05,44.306,MC-SE,Massif Central-SouthEast
503,44,4.066,44.299,MC-SE,Massif Central-SouthEast
503,45,4.094,44.308,MC-SE,Massif Central-SouthEast
503,46,4.1,44.311,MC-SE,Massif Central-SouthEast
503,47,4.108,44.317,MC-SE,Massif Central-SouthEast
503,48,4.108,44.325,MC-SE,Massif Central-SouthEast
503,49,4.081,44.32,MC-SE,Massif Central-SouthEast
503,50,3.996,44.304,MC-SE,Massif Central-SouthEast
503,51,3.919,44.291,MC-SE,Massif Central-SouthEast
503,52,3.84,44.279,MC-SE,Massif Central-SouthEast
503,53,3.805,44.274,MC-SE,Massif Central-SouthEast
503,54,3.761,44.268,MC-SE,Massif Central-SouthEast
503,55,3.682,44.259,MC-SE,Massif Central-SouthEast
503,56,3.602,44.251,MC-SE,Massif Central-SouthEast
503,57,3.555,44.247,MC-SE,Massif Central-SouthEast
601,0,-0.691,46.447,AM-S,Armorican Massif - South
601,1,-0.67,46.454,AM-S,Armorican Massif - South
601,2,-0.65,46.463,AM-S,Armorican Massif - South
601,3,-0.632,46.472,AM-S,Armorican Massif - South
601,4,-0.534,46.496,AM-S,Armorican Massif - South
601,5,-0.471,46.453,AM-S,Armorican Massif - South
601,6,-0.353,46.47,AM-S,Armorican Massif - South
601,7,-0.332,46.462,AM-S,Armorican Massif - South
601,8,-0.321,46.461,AM-S,Armorican Massif - South
601,9,-0.309,46.462,AM-S,Armorican Massif - South
601,10,-0.297,46.465,AM-S,Armorican Massif - South
601,11,-0.296,46.469,AM-S,Armorican Massif - South
601,12,-0.263,46.566,AM-S,Armorican Massif - South
601,13,-0.213,46.576,AM-S,Armorican Massif - South
601,14,-0.147,46.557,AM-S,Armorican Massif - South
601,15,-0.135,46.546,AM-S,Armorican Massif - South
601,16,-0.12,46.537,AM-S,Armorican Massif - South
601,17,-0.102,46.532,AM-S,Armorican Massif - South
601,18,-0.08,46.529,AM-S,Armorican Massif - South
601,19,-0.066,46.53,AM-S,Armorican Massif - South
601,20,-0.054,46.534,AM-S,Armorican Massif - South
601,21,-0.17,46.706,AM-S,Armorican Massif - South
601,22,-0.17,46.714,AM-S,Armorican Massif - South
601,23,-0.186,46.773,AM-S,Armorican Massif - South
601,24,-0.187,46.781,AM-S,Armorican Massif - South
601,25,-0.192,46.788,AM-S,Armorican Massif - South
601,26,-0.245,46.855,AM-S,Armorican Massif - South
601,27,-0.249,46.866,AM-S,Armorican Massif - South
601,28,-0.254,46.876,AM-S,Armorican Massif - South
601,29,-0.26,46.886,AM-S,Armorican Massif - South
601,30,-0.31,46.959,AM-S,Armorican Massif - South
601,31,-0.306,46.97,AM-S,Armorican Massif - South
601,32,-0.303,46.981,AM-S,Armorican Massif - South
601,33,-0.303,46.994,AM-S,Armorican Massif - South
601,34,-0.32,47.064,AM-S,Armorican Massif - South
601,35,-0.332,47.075,AM-S,Armorican Massif - South
601,36,-0.38,47.105,AM-S,Armorican Massif - South
601,37,-0.447,47.141,AM-S,Armorican Massif - South
601,38,-0.443,47.226,AM-S,Armorican Massif - South
601,39,-0.393,47.208,AM-S,Armorican Massif - South
601,40,-0.342,47.192,AM-S,Armorican Massif - South
601,41,-0.311,47.186,AM-S,Armorican Massif - South
601,42,-0.311,47.199,AM-S,Armorican Massif - South
601,43,-0.311,47.212,AM-S,Armorican Massif - South
601,44,-0.315,47.222,AM-S,Armorican Massif - South
601,45,-0.391,47.261,AM-S,Armorican Massif - South
601,46,-0.49,47.285,AM-S,Armorican Massif - South
601,47,-0.464,47.333,AM-S,Armorican Massif - South
601,48,-0.458,47.343,AM-S,Armorican Massif - South
601,49,-0.463,47.393,AM-S,Armorican Massif - South
601,50,-0.472,47.407,AM-S,Armorican Massif - South
601,51,-0.487,47.418,AM-S,Armorican Massif - South
601,52,-0.528,47.492,AM-S,Armorican Massif - South
601,53,-0.53,47.517,AM-S,Armorican Massif - South
601,54,-0.537,47.551,AM-S,Armorican Massif - South
601,55,-0.562,47.601,AM-S,Armorican Massif - South
601,56,-0.54,47.637,AM-S,Armorican Massif - South
601,57,-0.529,47.641,AM-S,Armorican Massif - South
601,58,-0.518,47.646,AM-S,Armorican Massif - South
601,59,-0.508,47.654,AM-S,Armorican Massif - South
601,60,-0.502,47.665,AM-S,Armorican Massif - South
601,61,-0.479,47.751,AM-S,Armorican Massif - South
601,62,-0.397,47.758,AM-S,Armorican Massif - South
601,63,-0.373,47.753,AM-S,Armorican Massif - South
601,64,-0.346,47.753,AM-S,Armorican Massif - South
601,65,-0.34,47.766,AM-S,Armorican Massif - South
601,66,-0.317,47.829,AM-S,Armorican Massif - South
601,67,-0.302,47.83,AM-S,Armorican Massif - South
601,68,-0.287,47.832,AM-S,Armorican Massif - South
601,69,-0.272,47.839,AM-S,Armorican Massif - South
601,70,-0.237,47.866,AM-S,Armorican Massif - South
601,71,-0.236,47.874,AM-S,Armorican Massif - South
601,72,-0.244,47.89,AM-S,Armorican Massif - South
601,73,-0.27,47.953,AM-S,Armorican Massif - South
601,74,-0.239,47.981,AM-S,Armorican Massif - South
601,75,-0.183,47.979,AM-S,Armorican Massif - South
601,76,-0.162,47.978,AM-S,Armorican Massif - South
601,77,-0.148,47.98,AM-S,Armorican Massif - South
601,78,-0.135,47.996,AM-S,Armorican Massif - South
601,79,-0.092,48.059,AM-S,Armorican Massif - South
601,80,-0.065,48.114,AM-S,Armorican Massif - South
601,81,-0.037,48.125,AM-S,Armorican Massif - South
601,82,0.007,48.178,AM-S,Armorican Massif - South
601,83,0.024,48.18,AM-S,Armorican Massif - South
601,84,0.038,48.186,AM-S,Armorican Massif - South
601,85,0.092,48.219,AM-S,Armorican Massif - South
601,86,0.138,48.267,AM-S,Armorican Massif - South
601,87,0.159,48.289,AM-S,Armorican Massif - South
601,88,0.199,48.345,AM-S,Armorican Massif - South
601,89,0.24,48.328,AM-S,Armorican Massif - South
601,90,0.258,48.322,AM-S,Armorican Massif - South
601,91,0.268,48.322,AM-S,Armorican Massif - South
601,92,0.278,48.325,AM-S,Armorican Massif - South
601,93,0.297,48.335,AM-S,Armorican Massif - South
601,94,0.314,48.345,AM-S,Armorican Massif - South
601,95,0.337,48.359,AM-S,Armorican Massif - South
601,96,0.353,48.369,AM-S,Armorican Massif - South
601,97,0.365,48.378,AM-S,Armorican Massif - South
601,98,0.386,48.397,AM-S,Armorican Massif - South
601,99,0.393,48.407,AM-S,Armorican Massif - South
601,100,0.391,48.42,AM-S,Armorican Massif - South
601,101,0.384,48.426,AM-S,Armorican Massif - South
601,102,0.353,48.442,AM-S,Armorican Massif - South
601,103,0.342,48.447,AM-S,Armorican Massif - South
601,104,0.251,48.401,AM-S,Armorican Massif - South
601,105,0.235,48.392,AM-S,Armorican Massif - South
601,106,0.168,48.371,AM-S,Armorican Massif - South
601,107,0.096,48.381,AM-S,Armorican Massif - South
601,108,0.086,48.415,AM-S,Armorican Massif - South
601,109,0.084,48.47,AM-S,Armorican Massif - South
601,110,0.109,48.472,AM-S,Armorican Massif - South
601,111,0.132,48.476,AM-S,Armorican Massif - South
601,112,0.16,48.486,AM-S,Armorican Massif - South
601,113,0.185,48.499,AM-S,Armorican Massif - South
601,114,0.206,48.514,AM-S,Armorican Massif - South
601,115,0.216,48.521,AM-S,Armorican Massif - South
601,116,0.223,48.53,AM-S,Armorican Massif - South
601,117,0.222,48.542,AM-S,Armorican Massif - South
601,118,0.215,48.548,AM-S,Armorican Massif - South
601,119,0.175,48.574,AM-S,Armorican Massif - South
601,120,0.165,48.58,AM-S,Armorican Massif - South
601,121,0.038,48.644,AM-S,Armorican Massif - South
601,122,0.023,48.653,AM-S,Armorican Massif - South
601,123,0.015,48.658,AM-S,Armorican Massif - South
601,124,-0.05,48.68,AM-S,Armorican Massif - South
601,125,-0.064,48.69,AM-S,Armorican Massif - South
601,126,-0.072,48.695,AM-S,Armorican Massif - South
601,127,-0.081,48.7,AM-S,Armorican Massif - South
601,128,-0.091,48.704,AM-S,Armorican Massif - South
601,129,-0.159,48.714,AM-S,Armorican Massif - South
601,130,-0.139,48.757,AM-S,Armorican Massif - South
601,131,-0.129,48.81,AM-S,Armorican Massif - South
601,132,-0.07,48.792,AM-S,Armorican Massif - South
601,133,-0.02,48.771,AM-S,Armorican Massif - South
601,134,0.062,48.791,AM-S,Armorican Massif - South
601,135,0.002,48.791,AM-S,Armorican Massif - South
601,136,-0.117,48.857,AM-S,Armorican Massif - South
601,137,-0.134,48.887,AM-S,Armorican Massif - South
601,138,-0.142,48.898,AM-S,Armorican Massif - South
601,139,-0.215,48.932,AM-S,Armorican Massif - South
601,140,-0.223,48.936,AM-S,Armorican Massif - South
601,141,-0.233,48.936,AM-S,Armorican Massif - South
601,142,-0.291,48.916,AM-S,Armorican Massif - South
601,143,-0.335,48.934,AM-S,Armorican Massif - South
601,144,-0.388,48.957,AM-S,Armorican Massif - South
601,145,-0.445,49.01,AM-S,Armorican Massif - South
601,146,-0.422,49.064,AM-S,Armorican Massif - South
601,147,-0.422,49.07,AM-S,Armorican Massif - South
601,148,-0.427,49.075,AM-S,Armorican Massif - South
601,149,-0.441,49.078,AM-S,Armorican Massif - South
601,150,-0.523,49.109,AM-S,Armorican Massif - South
601,151,-0.535,49.116,AM-S,Armorican Massif - South
601,152,-0.554,49.111,AM-S,Armorican Massif - South
601,153,-0.63,49.097,AM-S,Armorican Massif - South
601,154,-0.648,49.13,AM-S,Armorican Massif - South
601,155,-0.652,49.136,AM-S,Armorican Massif - South
601,156,-0.661,49.14,AM-S,Armorican Massif - South
601,157,-0.722,49.168,AM-S,Armorican Massif - South
601,158,-0.774,49.209,AM-S,Armorican Massif - South
601,159,-0.785,49.214,AM-S,Armorican Massif - South
601,160,-0.863,49.232,AM-S,Armorican Massif - South
601,161,-0.929,49.249,AM-S,Armorican Massif - South
601,162,-0.967,49.257,AM-S,Armorican Massif - South
601,163,-1.098,49.251,AM-S,Armorican Massif - South
601,164,-1.147,49.258,AM-S,Armorican Massif - South
601,165,-1.169,49.26,AM-S,Armorican Massif - South
601,166,-1.187,49.261,AM-S,Armorican Massif - South
601,167,-1.205,49.26,AM-S,Armorican Massif - South
601,168,-1.266,49.244,AM-S,Armorican Massif - South
601,169,-1.352,49.217,AM-S,Armorican Massif - South
601,170,-1.372,49.26,AM-S,Armorican Massif - South
601,171,-1.391,49.322,AM-S,Armorican Massif - South
601,172,-1.394,49.342,AM-S,Armorican Massif - South
601,173,-1.399,49.352,AM-S,Armorican Massif - South
601,174,-1.398,49.415,AM-S,Armorican Massif - South
601,175,-1.388,49.426,AM-S,Armorican Massif - South
601,176,-1.386,49.432,AM-S,Armorican Massif - South
601,177,-1.386,49.438,AM-S,Armorican Massif - South
601,178,-1.388,49.444,AM-S,Armorican Massif - South
601,179,-1.396,49.447,AM-S,Armorican Massif - South
601,180,-1.416,49.45,AM-S,Armorican Massif - South
601,181,-1.435,49.452,AM-S,Armorican Massif - South
601,182,-1.494,49.438,AM-S,Armorican Massif - South
601,183,-1.525,49.505,AM-S,Armorican Massif - South
601,184,-1.508,49.521,AM-S,Armorican Massif - South
601,185,-1.493,49.538,AM-S,Armorican Massif - South
601,186,-1.457,49.592,AM-S,Armorican Massif - South
601,187,-1.409,49.59,AM-S,Armorican Massif - South
601,188,-1.347,49.575,AM-S,Armorican Massif - South
601,189,-1.302,49.563,AM-S,Armorican Massif - South
601,190,-1.266,49.57,AM-S,Armorican Massif - South
601,191,-1.227,49.605,AM-S,Armorican Massif - South
601,192,-1.219,49.64,AM-S,Armorican Massif - South
601,193,-1.222,49.659,AM-S,Armorican Massif - South
601,194,-1.229,49.701,AM-S,Armorican Massif - South
601,195,-1.237,49.721,AM-S,Armorican Massif - South
601,196,-1.266,49.717,AM-S,Armorican Massif - South
601,197,-1.297,49.713,AM-S,Armorican Massif - South
601,198,-1.376,49.701,AM-S,Armorican Massif - South
601,199,-1.457,49.686,AM-S,Armorican Massif - South
601,200,-1.537,49.669,AM-S,Armorican Massif - South
601,201,-1.615,49.651,AM-S,Armorican Massif - South
601,202,-1.678,49.636,AM-S,Armorican Massif - South
601,203,-1.704,49.629,AM-S,Armorican Massif - South
601,204,-1.773,49.611,AM-S,Armorican Massif - South
601,205,-1.854,49.588,AM-S,Armorican Massif - South
601,206,-1.936,49.561,AM-S,Armorican Massif - South
601,207,-1.946,49.557,AM-S,Armorican Massif - South
601,208,-2.017,49.531,AM-S,Armorican Massif - South
601,209,-2.099,49.498,AM-S,Armorican Massif - South
601,210,-2.149,49.476,AM-S,Armorican Massif - South
601,211,-2.175,49.465,AM-S,Armorican Massif - South
601,212,-2.258,49.427,AM-S,Armorican Massif - South
601,213,-2.304,49.406,AM-S,Armorican Massif - South
601,214,-2.284,49.401,AM-S,Armorican Massif - South
601,215,-2.299,49.332,AM-S,Armorican Massif - South
601,216,-2.302,49.326,AM-S,Armorican Massif - South
601,217,-2.309,49.262,AM-S,Armorican Massif - South
601,218,-2.318,49.255,AM-S,Armorican Massif - South
601,219,-2.323,49.246,AM-S,Armorican Massif - South
601,220,-2.323,49.237,AM-S,Armorican Massif - South
601,221,-2.319,49.23,AM-S,Armorican Massif - South
601,222,-2.312,49.223,AM-S,Armorican Massif - South
601,223,-2.266,49.185,AM-S,Armorican Massif - South
601,224,-2.289,49.159,AM-S,Armorican Massif - South
601,225,-2.306,49.155,AM-S,Armorican Massif - South
601,226,-2.322,49.149,AM-S,Armorican Massif - South
601,227,-2.336,49.141,AM-S,Armorican Massif - South
601,228,-2.347,49.131,AM-S,Armorican Massif - South
601,229,-2.355,49.12,AM-S,Armorican Massif - South
601,230,-2.359,49.108,AM-S,Armorican Massif - South
601,231,-2.358,49.096,AM-S,Armorican Massif - South
601,232,-2.353,49.084,AM-S,Armorican Massif - South
601,233,-2.318,48.976,AM-S,Armorican Massif - South
601,234,-2.322,48.961,AM-S,Armorican Massif - South
601,235,-2.323,48.946,AM-S,Armorican Massif - South
601,236,-2.336,48.87,AM-S,Armorican Massif - South
601,237,-2.424,48.845,AM-S,Armorican Massif - South
601,238,-2.542,48.863,AM-S,Armorican Massif - South
601,239,-2.583,48.881,AM-S,Armorican Massif - South
601,240,-2.684,48.968,AM-S,Armorican Massif - South
601,241,-2.682,48.976,AM-S,Armorican Massif - South
601,242,-2.683,48.983,AM-S,Armorican Massif - South
601,243,-2.689,48.99,AM-S,Armorican Massif - South
601,244,-2.697,48.995,AM-S,Armorican Massif - South
601,245,-2.77,49.018,AM-S,Armorican Massif - South
601,246,-2.759,49.081,AM-S,Armorican Massif - South
601,247,-2.741,49.094,AM-S,Armorican Massif - South
601,248,-2.726,49.109,AM-S,Armorican Massif - South
601,249,-2.721,49.117,AM-S,Armorican Massif - South
601,250,-2.717,49.126,AM-S,Armorican Massif - South
601,251,-2.718,49.135,AM-S,Armorican Massif - South
601,252,-2.723,49.143,AM-S,Armorican Massif - South
601,253,-2.734,49.149,AM-S,Armorican Massif - South
601,254,-2.747,49.151,AM-S,Armorican Massif - South
601,255,-2.774,49.149,AM-S,Armorican Massif - South
601,256,-2.802,49.147,AM-S,Armorican Massif - South
601,257,-2.829,49.143,AM-S,Armorican Massif - South
601,258,-2.841,49.14,AM-S,Armorican Massif - South
601,259,-2.852,49.135,AM-S,Armorican Massif - South
601,260,-2.871,49.123,AM-S,Armorican Massif - South
601,261,-2.993,49.053,AM-S,Armorican Massif - South
601,262,-3.108,49.034,AM-S,Armorican Massif - South
601,263,-3.121,49.033,AM-S,Armorican Massif - South
601,264,-3.134,49.031,AM-S,Armorican Massif - South
601,265,-3.146,49.026,AM-S,Armorican Massif - South
601,266,-3.168,49.015,AM-S,Armorican Massif - South
601,267,-3.187,49.003,AM-S,Armorican Massif - South
601,268,-3.264,48.937,AM-S,Armorican Massif - South
601,269,-3.331,48.934,AM-S,Armorican Massif - South
601,270,-3.3429,48.937,AM-S,Armorican Massif - South
601,271,-3.42,48.902,AM-S,Armorican Massif - South
601,272,-3.455,48.886,AM-S,Armorican Massif - South
601,273,-3.539,48.845,AM-S,Armorican Massif - South
601,274,-3.559,48.836,AM-S,Armorican Massif - South
601,275,-3.629,48.801,AM-S,Armorican Massif - South
601,276,-3.695,48.768,AM-S,Armorican Massif - South
601,277,-3.718,48.756,AM-S,Armorican Massif - South
601,278,-3.779,48.725,AM-S,Armorican Massif - South
601,279,-3.866,48.681,AM-S,Armorican Massif - South
601,280,-3.882,48.673,AM-S,Armorican Massif - South
601,281,-3.937,48.646,AM-S,Armorican Massif - South
601,282,-4.02,48.607,AM-S,Armorican Massif - South
601,283,-4.039,48.597,AM-S,Armorican Massif - South
601,284,-4.096,48.571,AM-S,Armorican Massif - South
601,285,-4.177,48.535,AM-S,Armorican Massif - South
601,286,-4.22,48.517,AM-S,Armorican Massif - South
601,287,-4.255,48.503,AM-S,Armorican Massif - South
601,288,-4.333,48.473,AM-S,Armorican Massif - South
601,289,-4.419,48.441,AM-S,Armorican Massif - South
601,290,-4.429,48.437,AM-S,Armorican Massif - South
601,291,-4.496,48.413,AM-S,Armorican Massif - South
601,292,-4.574,48.386,AM-S,Armorican Massif - South
601,293,-4.662,48.357,AM-S,Armorican Massif - South
601,294,-4.741,48.332,AM-S,Armorican Massif - South
601,295,-4.821,48.307,AM-S,Armorican Massif - South
601,296,-4.901,48.284,AM-S,Armorican Massif - South
601,297,-4.932,48.275,AM-S,Armorican Massif - South
601,298,-5.249,48.187,AM-S,Armorican Massif - South
601,299,-5.278,48.108,AM-S,Armorican Massif - South
601,300,-5.35,48.097,AM-S,Armorican Massif - South
601,301,-5.37,48.093,AM-S,Armorican Massif - South
601,302,-5.388,48.087,AM-S,Armorican Massif - South
601,303,-5.404,48.079,AM-S,Armorican Massif - South
601,304,-5.417,48.068,AM-S,Armorican Massif - South
601,305,-5.518,47.995,AM-S,Armorican Massif - South
601,306,-5.523,47.985,AM-S,Armorican Massif - South
601,307,-5.526,47.975,AM-S,Armorican Massif - South
601,308,-5.524,47.965,AM-S,Armorican Massif - South
601,309,-5.516,47.957,AM-S,Armorican Massif - South
601,310,-5.504,47.95,AM-S,Armorican Massif - South
601,311,-5.49,47.947,AM-S,Armorican Massif - South
601,312,-5.475,47.945,AM-S,Armorican Massif - South
601,313,-5.46,47.944,AM-S,Armorican Massif - South
601,314,-5.314,47.904,AM-S,Armorican Massif - South
601,315,-5.315,47.89,AM-S,Armorican Massif - South
601,316,-5.312,47.875,AM-S,Armorican Massif - South
601,317,-5.306,47.861,AM-S,Armorican Massif - South
601,318,-5.299,47.848,AM-S,Armorican Massif - South
601,319,-5.289,47.835,AM-S,Armorican Massif - South
601,320,-5.277,47.824,AM-S,Armorican Massif - South
601,321,-5.263,47.813,AM-S,Armorican Massif - South
601,322,-5.23,47.795,AM-S,Armorican Massif - South
601,323,-5.195,47.779,AM-S,Armorican Massif - South
601,324,-4.995,47.778,AM-S,Armorican Massif - South
601,325,-4.81,47.726,AM-S,Armorican Massif - South
601,326,-4.616,47.729,AM-S,Armorican Massif - South
601,327,-4.464,47.719,AM-S,Armorican Massif - South
601,328,-4.34,47.677,AM-S,Armorican Massif - South
601,329,-4.321,47.661,AM-S,Armorican Massif - South
601,330,-4.177,47.672,AM-S,Armorican Massif - South
601,331,-4.044,47.619,AM-S,Armorican Massif - South
601,332,-4.02,47.611,AM-S,Armorican Massif - South
601,333,-3.994,47.604,AM-S,Armorican Massif - South
601,334,-3.967,47.599,AM-S,Armorican Massif - South
601,335,-3.952,47.598,AM-S,Armorican Massif - South
601,336,-3.938,47.599,AM-S,Armorican Massif - South
601,337,-3.924,47.601,AM-S,Armorican Massif - South
601,338,-3.738,47.614,AM-S,Armorican Massif - South
601,339,-3.632,47.594,AM-S,Armorican Massif - South
601,340,-3.605,47.577,AM-S,Armorican Massif - South
601,341,-3.578,47.559,AM-S,Armorican Massif - South
601,342,-3.562,47.552,AM-S,Armorican Massif - South
601,343,-3.545,47.547,AM-S,Armorican Massif - South
601,344,-3.527,47.544,AM-S,Armorican Massif - South
601,345,-3.458,47.448,AM-S,Armorican Massif - South
601,346,-3.472,47.435,AM-S,Armorican Massif - South
601,347,-3.482,47.42,AM-S,Armorican Massif - South
601,348,-3.495,47.389,AM-S,Armorican Massif - South
601,349,-3.458,47.352,AM-S,Armorican Massif - South
601,350,-3.39,47.29,AM-S,Armorican Massif - South
601,351,-3.26,47.238,AM-S,Armorican Massif - South
601,352,-3.241,47.231,AM-S,Armorican Massif - South
601,353,-3.2,47.22,AM-S,Armorican Massif - South
601,354,-3.157,47.212,AM-S,Armorican Massif - South
601,355,-3.113,47.208,AM-S,Armorican Massif - South
601,356,-3.006,47.204,AM-S,Armorican Massif - South
601,357,-2.918,47.166,AM-S,Armorican Massif - South
601,358,-2.827,47.279,AM-S,Armorican Massif - South
601,359,-2.783,47.256,AM-S,Armorican Massif - South
601,360,-2.662,47.26,AM-S,Armorican Massif - South
601,361,-2.595,47.213,AM-S,Armorican Massif - South
601,362,-2.581,47.205,AM-S,Armorican Massif - South
601,363,-2.565,47.197,AM-S,Armorican Massif - South
601,364,-2.556,47.194,AM-S,Armorican Massif - South
601,365,-2.547,47.192,AM-S,Armorican Massif - South
601,366,-2.457,47.19,AM-S,Armorican Massif - South
601,367,-2.378,47.162,AM-S,Armorican Massif - South
601,368,-2.335,47.085,AM-S,Armorican Massif - South
601,369,-2.374,47.051,AM-S,Armorican Massif - South
601,370,-2.38,47.04,AM-S,Armorican Massif - South
601,371,-2.383,47.029,AM-S,Armorican Massif - South
601,372,-2.385,47.007,AM-S,Armorican Massif - South
601,373,-2.319,46.978,AM-S,Armorican Massif - South
601,374,-2.251,46.965,AM-S,Armorican Massif - South
601,375,-2.212,46.931,AM-S,Armorican Massif - South
601,376,-2.205,46.924,AM-S,Armorican Massif - South
601,377,-2.161,46.867,AM-S,Armorican Massif - South
601,378,-2.158,46.845,AM-S,Armorican Massif - South
601,379,-2.149,46.818,AM-S,Armorican Massif - South
601,380,-2.138,46.805,AM-S,Armorican Massif - South
601,381,-2.078,46.777,AM-S,Armorican Massif - South
601,382,-1.99,46.71,AM-S,Armorican Massif - South
601,383,-1.895,46.641,AM-S,Armorican Massif - South
601,384,-1.858,46.585,AM-S,Armorican Massif - South
601,385,-1.815,46.6,AM-S,Armorican Massif - South
601,386,-1.762,46.574,AM-S,Armorican Massif - South
601,387,-1.783,46.488,AM-S,Armorican Massif - South
601,388,-1.795,46.492,AM-S,Armorican Massif - South
601,389,-1.817,46.498,AM-S,Armorican Massif - South
601,390,-1.813,46.477,AM-S,Armorican Massif - South
601,391,-1.709,46.455,AM-S,Armorican Massif - South
601,392,-1.622,46.474,AM-S,Armorican Massif - South
601,393,-1.601,46.473,AM-S,Armorican Massif - South
601,394,-1.562,46.472,AM-S,Armorican Massif - South
601,395,-1.515,46.467,AM-S,Armorican Massif - South
601,396,-1.469,46.461,AM-S,Armorican Massif - South
601,397,-1.455,46.464,AM-S,Armorican Massif - South
601,398,-1.445,46.468,AM-S,Armorican Massif - South
601,399,-1.435,46.473,AM-S,Armorican Massif - South
601,400,-1.425,46.48,AM-S,Armorican Massif - South
601,401,-1.387,46.507,AM-S,Armorican Massif - South
601,402,-1.316,46.539,AM-S,Armorican Massif - South
601,403,-1.277,46.546,AM-S,Armorican Massif - South
601,404,-1.24,46.555,AM-S,Armorican Massif - South
601,405,-1.139,46.586,AM-S,Armorican Massif - South
601,406,-1.12,46.591,AM-S,Armorican Massif - South
601,407,-1.037,46.61,AM-S,Armorican Massif - South
601,408,-1.004,46.573,AM-S,Armorican Massif - South
601,409,-0.993,46.57,AM-S,Armorican Massif - South
601,410,-0.898,46.563,AM-S,Armorican Massif - South
601,411,-0.884,46.511,AM-S,Armorican Massif - South
601,412,-0.896,46.507,AM-S,Armorican Massif - South
601,413,-0.854,46.475,AM-S,Armorican Massif - South
601,414,-0.832,46.466,AM-S,Armorican Massif - South
601,415,-0.817,46.47,AM-S,Armorican Massif - South
601,416,-0.752,46.493,AM-S,Armorican Massif - South
601,417,-0.729,46.474,AM-S,Armorican Massif - South
601,418,-0.703,46.454,AM-S,Armorican Massif - South
602,0,-5.249,48.187,AM-NW,Armorican Massif - NorthWest
602,1,-4.932,48.275,AM-NW,Armorican Massif - NorthWest
602,2,-4.901,48.284,AM-NW,Armorican Massif - NorthWest
602,3,-4.821,48.307,AM-NW,Armorican Massif - NorthWest
602,4,-4.741,48.332,AM-NW,Armorican Massif - NorthWest
602,5,-4.662,48.357,AM-NW,Armorican Massif - NorthWest
602,6,-4.574,48.386,AM-NW,Armorican Massif - NorthWest
602,7,-4.496,48.413,AM-NW,Armorican Massif - NorthWest
602,8,-4.429,48.437,AM-NW,Armorican Massif - NorthWest
602,9,-4.419,48.441,AM-NW,Armorican Massif - NorthWest
602,10,-4.333,48.473,AM-NW,Armorican Massif - NorthWest
602,11,-4.255,48.503,AM-NW,Armorican Massif - NorthWest
602,12,-4.22,48.517,AM-NW,Armorican Massif - NorthWest
602,13,-4.177,48.535,AM-NW,Armorican Massif - NorthWest
602,14,-4.096,48.571,AM-NW,Armorican Massif - NorthWest
602,15,-4.039,48.597,AM-NW,Armorican Massif - NorthWest
602,16,-4.02,48.607,AM-NW,Armorican Massif - NorthWest
602,17,-3.937,48.646,AM-NW,Armorican Massif - NorthWest
602,18,-3.882,48.673,AM-NW,Armorican Massif - NorthWest
602,19,-3.866,48.681,AM-NW,Armorican Massif - NorthWest
602,20,-3.779,48.725,AM-NW,Armorican Massif - NorthWest
602,21,-3.718,48.756,AM-NW,Armorican Massif - NorthWest
602,22,-3.695,48.768,AM-NW,Armorican Massif - NorthWest
602,23,-3.629,48.801,AM-NW,Armorican Massif - NorthWest
602,24,-3.559,48.836,AM-NW,Armorican Massif - NorthWest
602,25,-3.539,48.845,AM-NW,Armorican Massif - NorthWest
602,26,-3.455,48.886,AM-NW,Armorican Massif - NorthWest
602,27,-3.42,48.902,AM-NW,Armorican Massif - NorthWest
602,28,-3.343,48.937,AM-NW,Armorican Massif - NorthWest
602,29,-3.393,48.951,AM-NW,Armorican Massif - NorthWest
602,30,-3.406,48.953,AM-NW,Armorican Massif - NorthWest
602,31,-3.419,48.954,AM-NW,Armorican Massif - NorthWest
602,32,-3.446,48.952,AM-NW,Armorican Massif - NorthWest
602,33,-3.472,48.948,AM-NW,Armorican Massif - NorthWest
602,34,-3.498,48.942,AM-NW,Armorican Massif - NorthWest
602,35,-3.523,48.934,AM-NW,Armorican Massif - NorthWest
602,36,-3.546,48.926,AM-NW,Armorican Massif - NorthWest
602,37,-3.642,48.893,AM-NW,Armorican Massif - NorthWest
602,38,-3.706,48.905,AM-NW,Armorican Massif - NorthWest
602,39,-3.719,48.907,AM-NW,Armorican Massif - NorthWest
602,40,-3.732,48.908,AM-NW,Armorican Massif - NorthWest
602,41,-3.746,48.906,AM-NW,Armorican Massif - NorthWest
602,42,-3.772,48.9,AM-NW,Armorican Massif - NorthWest
602,43,-3.796,48.892,AM-NW,Armorican Massif - NorthWest
602,44,-3.841,48.871,AM-NW,Armorican Massif - NorthWest
602,45,-3.924,48.826,AM-NW,Armorican Massif - NorthWest
602,46,-4.011,48.785,AM-NW,Armorican Massif - NorthWest
602,47,-4.114,48.768,AM-NW,Armorican Massif - NorthWest
602,48,-4.168,48.762,AM-NW,Armorican Massif - NorthWest
602,49,-4.266,48.749,AM-NW,Armorican Massif - NorthWest
602,50,-4.363,48.74,AM-NW,Armorican Massif - NorthWest
602,51,-4.415,48.737,AM-NW,Armorican Massif - NorthWest
602,52,-4.469,48.732,AM-NW,Armorican Massif - NorthWest
602,53,-4.521,48.722,AM-NW,Armorican Massif - NorthWest
602,54,-4.572,48.711,AM-NW,Armorican Massif - NorthWest
602,55,-4.67,48.683,AM-NW,Armorican Massif - NorthWest
602,56,-4.718,48.666,AM-NW,Armorican Massif - NorthWest
602,57,-4.764,48.645,AM-NW,Armorican Massif - NorthWest
602,58,-4.787,48.632,AM-NW,Armorican Massif - NorthWest
602,59,-4.808,48.619,AM-NW,Armorican Massif - NorthWest
602,60,-4.85,48.587,AM-NW,Armorican Massif - NorthWest
602,61,-4.916,48.521,AM-NW,Armorican Massif - NorthWest
602,62,-4.971,48.508,AM-NW,Armorican Massif - NorthWest
602,63,-4.985,48.519,AM-NW,Armorican Massif - NorthWest
602,64,-5.002,48.527,AM-NW,Armorican Massif - NorthWest
602,65,-5.022,48.533,AM-NW,Armorican Massif - NorthWest
602,66,-5.043,48.535,AM-NW,Armorican Massif - NorthWest
602,67,-5.064,48.534,AM-NW,Armorican Massif - NorthWest
602,68,-5.085,48.531,AM-NW,Armorican Massif - NorthWest
602,69,-5.105,48.526,AM-NW,Armorican Massif - NorthWest
602,70,-5.124,48.518,AM-NW,Armorican Massif - NorthWest
602,71,-5.141,48.51,AM-NW,Armorican Massif - NorthWest
602,72,-5.156,48.5,AM-NW,Armorican Massif - NorthWest
602,73,-5.197,48.451,AM-NW,Armorican Massif - NorthWest
602,74,-5.25,48.422,AM-NW,Armorican Massif - NorthWest
602,75,-5.33,48.41,AM-NW,Armorican Massif - NorthWest
602,76,-5.356,48.404,AM-NW,Armorican Massif - NorthWest
602,77,-5.367,48.399,AM-NW,Armorican Massif - NorthWest
602,78,-5.378,48.393,AM-NW,Armorican Massif - NorthWest
602,79,-5.396,48.379,AM-NW,Armorican Massif - NorthWest
602,80,-5.409,48.363,AM-NW,Armorican Massif - NorthWest
602,81,-5.415,48.355,AM-NW,Armorican Massif - NorthWest
602,82,-5.418,48.345,AM-NW,Armorican Massif - NorthWest
602,83,-5.417,48.341,AM-NW,Armorican Massif - NorthWest
602,84,-5.413,48.337,AM-NW,Armorican Massif - NorthWest
602,85,-5.408,48.334,AM-NW,Armorican Massif - NorthWest
602,86,-5.237,48.221,AM-NW,Armorican Massif - NorthWest
602,87,-5.249,48.187,AM-NW,Armorican Massif - NorthWest
603,0,-2.304,49.406,AM-NE,Armorican Massif - NorthEast
603,1,-2.258,49.427,AM-NE,Armorican Massif - NorthEast
603,2,-2.175,49.465,AM-NE,Armorican Massif - NorthEast
603,3,-2.149,49.476,AM-NE,Armorican Massif - NorthEast
603,4,-2.099,49.498,AM-NE,Armorican Massif - NorthEast
603,5,-2.017,49.531,AM-NE,Armorican Massif - NorthEast
603,6,-1.946,49.557,AM-NE,Armorican Massif - NorthEast
603,7,-1.936,49.561,AM-NE,Armorican Massif - NorthEast
603,8,-1.854,49.588,AM-NE,Armorican Massif - NorthEast
603,9,-1.773,49.611,AM-NE,Armorican Massif - NorthEast
603,10,-1.704,49.629,AM-NE,Armorican Massif - NorthEast
603,11,-1.678,49.636,AM-NE,Armorican Massif - NorthEast
603,12,-1.615,49.651,AM-NE,Armorican Massif - NorthEast
603,13,-1.537,49.669,AM-NE,Armorican Massif - NorthEast
603,14,-1.457,49.686,AM-NE,Armorican Massif - NorthEast
603,15,-1.376,49.701,AM-NE,Armorican Massif - NorthEast
603,16,-1.297,49.713,AM-NE,Armorican Massif - NorthEast
603,17,-1.266,49.717,AM-NE,Armorican Massif - NorthEast
603,18,-1.237,49.721,AM-NE,Armorican Massif - NorthEast
603,19,-1.246,49.735,AM-NE,Armorican Massif - NorthEast
603,20,-1.325,49.76,AM-NE,Armorican Massif - NorthEast
603,21,-1.356,49.768,AM-NE,Armorican Massif - NorthEast
603,22,-1.388,49.767,AM-NE,Armorican Massif - NorthEast
603,23,-1.451,49.764,AM-NE,Armorican Massif - NorthEast
603,24,-1.528,49.765,AM-NE,Armorican Massif - NorthEast
603,25,-1.602,49.748,AM-NE,Armorican Massif - NorthEast
603,26,-1.724,49.742,AM-NE,Armorican Massif - NorthEast
603,27,-1.773,49.798,AM-NE,Armorican Massif - NorthEast
603,28,-1.817,49.801,AM-NE,Armorican Massif - NorthEast
603,29,-1.924,49.769,AM-NE,Armorican Massif - NorthEast
603,30,-1.958,49.761,AM-NE,Armorican Massif - NorthEast
603,31,-2.044,49.75,AM-NE,Armorican Massif - NorthEast
603,32,-2.12,49.773,AM-NE,Armorican Massif - NorthEast
603,33,-2.143,49.778,AM-NE,Armorican Massif - NorthEast
603,34,-2.167,49.781,AM-NE,Armorican Massif - NorthEast
603,35,-2.202,49.763,AM-NE,Armorican Massif - NorthEast
603,36,-2.226,49.788,AM-NE,Armorican Massif - NorthEast
603,37,-2.272,49.784,AM-NE,Armorican Massif - NorthEast
603,38,-2.31,49.779,AM-NE,Armorican Massif - NorthEast
603,39,-2.347,49.773,AM-NE,Armorican Massif - NorthEast
603,40,-2.435,49.749,AM-NE,Armorican Massif - NorthEast
603,41,-2.435,49.749,AM-NE,Armorican Massif - NorthEast
603,42,-2.441,49.735,AM-NE,Armorican Massif - NorthEast
603,43,-2.444,49.721,AM-NE,Armorican Massif - NorthEast
603,44,-2.486,49.594,AM-NE,Armorican Massif - NorthEast
603,45,-2.539,49.584,AM-NE,Armorican Massif - NorthEast
603,46,-2.566,49.578,AM-NE,Armorican Massif - NorthEast
603,47,-2.592,49.571,AM-NE,Armorican Massif - NorthEast
603,48,-2.641,49.555,AM-NE,Armorican Massif - NorthEast
603,49,-2.691,49.538,AM-NE,Armorican Massif - NorthEast
603,50,-2.713,49.528,AM-NE,Armorican Massif - NorthEast
603,51,-2.722,49.522,AM-NE,Armorican Massif - NorthEast
603,52,-2.73,49.514,AM-NE,Armorican Massif - NorthEast
603,53,-2.736,49.507,AM-NE,Armorican Massif - NorthEast
603,54,-2.74,49.499,AM-NE,Armorican Massif - NorthEast
603,55,-2.741,49.491,AM-NE,Armorican Massif - NorthEast
603,56,-2.741,49.483,AM-NE,Armorican Massif - NorthEast
603,57,-2.735,49.467,AM-NE,Armorican Massif - NorthEast
603,58,-2.73,49.46,AM-NE,Armorican Massif - NorthEast
603,59,-2.725,49.457,AM-NE,Armorican Massif - NorthEast
603,60,-2.71,49.448,AM-NE,Armorican Massif - NorthEast
603,61,-2.674,49.429,AM-NE,Armorican Massif - NorthEast
603,62,-2.658,49.421,AM-NE,Armorican Massif - NorthEast
603,63,-2.642,49.415,AM-NE,Armorican Massif - NorthEast
603,64,-2.62,49.407,AM-NE,Armorican Massif - NorthEast
603,65,-2.596,49.402,AM-NE,Armorican Massif - NorthEast
603,66,-2.553,49.394,AM-NE,Armorican Massif - NorthEast
603,67,-2.525,49.39,AM-NE,Armorican Massif - NorthEast
603,68,-2.497,49.387,AM-NE,Armorican Massif - NorthEast
603,69,-2.468,49.385,AM-NE,Armorican Massif - NorthEast
603,70,-2.439,49.388,AM-NE,Armorican Massif - NorthEast
603,71,-2.411,49.395,AM-NE,Armorican Massif - NorthEast
603,72,-2.334,49.413,AM-NE,Armorican Massif - NorthEast
603,73,-2.304,49.406,AM-NE,Armorican Massif - NorthEast
981,0,-6.605,49.717,CM-N,Cornubian massif - North
981,1,-6.421,49.775,CM-N,Cornubian massif - North
981,2,-6.337,49.792,CM-N,Cornubian massif - North
981,3,-6.24,49.797,CM-N,Cornubian massif - North
981,4,-6.162,49.789,CM-N,Cornubian massif - North
981,5,-6.116,49.81,CM-N,Cornubian massif - North
981,6,-6.037,49.845,CM-N,Cornubian massif - North
981,7,-5.964,49.875,CM-N,Cornubian massif - North
981,8,-5.884,49.908,CM-N,Cornubian massif - North
981,9,-5.845,49.923,CM-N,Cornubian massif - North
981,10,-5.807,49.938,CM-N,Cornubian massif - North
981,11,-5.715,49.973,CM-N,Cornubian massif - North
981,12,-5.637,50,CM-N,Cornubian massif - North
981,13,-5.626,50.004,CM-N,Cornubian massif - North
981,14,-5.556,50.027,CM-N,Cornubian massif - North
981,15,-5.477,50.052,CM-N,Cornubian massif - North
981,16,-5.399,50.074,CM-N,Cornubian massif - North
981,17,-5.361,50.084,CM-N,Cornubian massif - North
981,18,-5.318,50.095,CM-N,Cornubian massif - North
981,19,-5.237,50.114,CM-N,Cornubian massif - North
981,20,-5.16,50.129,CM-N,Cornubian massif - North
981,21,-5.075,50.144,CM-N,Cornubian massif - North
981,22,-5.001,50.157,CM-N,Cornubian massif - North
981,23,-4.943,50.166,CM-N,Cornubian massif - North
981,24,-4.922,50.169,CM-N,Cornubian massif - North
981,25,-4.85,50.179,CM-N,Cornubian massif - North
981,26,-4.768,50.191,CM-N,Cornubian massif - North
981,27,-4.706,50.199,CM-N,Cornubian massif - North
981,28,-4.596,50.215,CM-N,Cornubian massif - North
981,29,-4.526,50.225,CM-N,Cornubian massif - North
981,30,-4.437,50.236,CM-N,Cornubian massif - North
981,31,-4.383,50.243,CM-N,Cornubian massif - North
981,32,-4.365,50.246,CM-N,Cornubian massif - North
981,33,-4.292,50.255,CM-N,Cornubian massif - North
981,34,-4.199,50.266,CM-N,Cornubian massif - North
981,35,-4.123,50.274,CM-N,Cornubian massif - North
981,36,-4.046,50.283,CM-N,Cornubian massif - North
981,37,-3.968,50.291,CM-N,Cornubian massif - North
981,38,-3.889,50.299,CM-N,Cornubian massif - North
981,39,-3.807,50.307,CM-N,Cornubian massif - North
981,40,-3.725,50.315,CM-N,Cornubian massif - North
981,41,-3.64,50.322,CM-N,Cornubian massif - North
981,42,-3.619,50.324,CM-N,Cornubian massif - North
981,43,-3.575,50.328,CM-N,Cornubian massif - North
981,44,-3.487,50.335,CM-N,Cornubian massif - North
981,45,-3.396,50.343,CM-N,Cornubian massif - North
981,46,-3.326,50.348,CM-N,Cornubian massif - North
981,47,-3.304,50.35,CM-N,Cornubian massif - North
981,48,-3.26,50.388,CM-N,Cornubian massif - North
981,49,-3.249,50.399,CM-N,Cornubian massif - North
981,50,-3.116,50.469,CM-N,Cornubian massif - North
981,51,-3.08,50.47,CM-N,Cornubian massif - North
981,52,-3.046,50.495,CM-N,Cornubian massif - North
981,53,-3.046,50.588,CM-N,Cornubian massif - North
981,54,-3.079,50.656,CM-N,Cornubian massif - North
981,55,-3.121,50.693,CM-N,Cornubian massif - North
981,56,-3.236,50.683,CM-N,Cornubian massif - North
981,57,-3.339,50.758,CM-N,Cornubian massif - North
981,58,-3.364,50.882,CM-N,Cornubian massif - North
981,59,-3.347,50.984,CM-N,Cornubian massif - North
981,60,-3.298,50.984,CM-N,Cornubian massif - North
981,61,-3.274,51.078,CM-N,Cornubian massif - North
981,62,-3.307,51.136,CM-N,Cornubian massif - North
981,63,-3.356,51.154,CM-N,Cornubian massif - North
981,64,-3.462,51.196,CM-N,Cornubian massif - North
981,65,-3.475,51.22,CM-N,Cornubian massif - North
981,66,-3.508,51.234,CM-N,Cornubian massif - North
981,67,-3.639,51.201,CM-N,Cornubian massif - North
981,68,-3.664,51.217,CM-N,Cornubian massif - North
981,69,-3.804,51.265,CM-N,Cornubian massif - North
981,70,-3.868,51.239,CM-N,Cornubian massif - North
981,71,-3.904,51.236,CM-N,Cornubian massif - North
981,72,-3.998,51.211,CM-N,Cornubian massif - North
981,73,-4.134,51.278,CM-N,Cornubian massif - North
981,74,-4.196,51.288,CM-N,Cornubian massif - North
981,75,-4.23,51.288,CM-N,Cornubian massif - North
981,76,-4.364,51.231,CM-N,Cornubian massif - North
981,77,-4.441,51.181,CM-N,Cornubian massif - North
981,78,-4.564,51.16,CM-N,Cornubian massif - North
981,79,-4.68,51.245,CM-N,Cornubian massif - North
981,80,-4.755,51.318,CM-N,Cornubian massif - North
981,81,-4.914,51.283,CM-N,Cornubian massif - North
981,82,-4.978,51.255,CM-N,Cornubian massif - North
981,83,-5.063,51.098,CM-N,Cornubian massif - North
981,84,-5.127,51.083,CM-N,Cornubian massif - North
981,85,-5.247,51.042,CM-N,Cornubian massif - North
981,86,-5.312,51.003,CM-N,Cornubian massif - North
981,87,-5.503,50.819,CM-N,Cornubian massif - North
981,88,-5.601,50.704,CM-N,Cornubian massif - North
981,89,-5.724,50.733,CM-N,Cornubian massif - North
981,90,-5.974,50.601,CM-N,Cornubian massif - North
981,91,-6.019,50.578,CM-N,Cornubian massif - North
981,92,-6.063,50.477,CM-N,Cornubian massif - North
981,93,-6.091,50.444,CM-N,Cornubian massif - North
981,94,-6.219,50.367,CM-N,Cornubian massif - North
981,95,-6.345,50.315,CM-N,Cornubian massif - North
981,96,-6.446,50.31,CM-N,Cornubian massif - North
981,97,-6.538,50.293,CM-N,Cornubian massif - North
981,98,-6.556,50.283,CM-N,Cornubian massif - North
981,99,-6.627,50.234,CM-N,Cornubian massif - North
981,100,-6.748,50.205,CM-N,Cornubian massif - North
981,101,-6.791,50.183,CM-N,Cornubian massif - North
981,102,-6.901,49.996,CM-N,Cornubian massif - North
981,103,-6.918,49.948,CM-N,Cornubian massif - North
981,104,-6.94,49.893,CM-N,Cornubian massif - North
981,105,-6.984,49.846,CM-N,Cornubian massif - North
981,106,-6.98,49.784,CM-N,Cornubian massif - North
981,107,-6.953,49.738,CM-N,Cornubian massif - North
981,108,-6.856,49.729,CM-N,Cornubian massif - North
981,109,-6.695,49.723,CM-N,Cornubian massif - North
981,110,-6.645,49.72,CM-N,Cornubian massif - North
981,111,-6.605,49.717,CM-N,Cornubian massif - North
982,0,-6.162,49.789,CM-S,Cornubian massif - South
982,1,-6.022,49.774,CM-S,Cornubian massif - South
982,2,-5.946,49.779,CM-S,Cornubian massif - South
982,3,-5.627,49.821,CM-S,Cornubian massif - South
982,4,-5.523,49.811,CM-S,Cornubian massif - South
982,5,-5.435,49.788,CM-S,Cornubian massif - South
982,6,-5.393,49.787,CM-S,Cornubian massif - South
982,7,-5.176,49.801,CM-S,Cornubian massif - South
982,8,-5.094,49.789,CM-S,Cornubian massif - South
982,9,-4.923,49.83,CM-S,Cornubian massif - South
982,10,-4.755,49.779,CM-S,Cornubian massif - South
982,11,-4.707,49.74,CM-S,Cornubian massif - South
982,12,-4.683,49.735,CM-S,Cornubian massif - South
982,13,-4.526,49.763,CM-S,Cornubian massif - South
982,14,-4.305,49.899,CM-S,Cornubian massif - South
982,15,-4.059,49.926,CM-S,Cornubian massif - South
982,16,-3.976,49.928,CM-S,Cornubian massif - South
982,17,-3.875,49.944,CM-S,Cornubian massif - South
982,18,-3.795,49.974,CM-S,Cornubian massif - South
982,19,-3.804,50.082,CM-S,Cornubian massif - South
982,20,-3.702,50.105,CM-S,Cornubian massif - South
982,21,-3.656,50.117,CM-S,Cornubian massif - South
982,22,-3.53,50.16,CM-S,Cornubian massif - South
982,23,-3.496,50.179,CM-S,Cornubian massif - South
982,24,-3.4,50.269,CM-S,Cornubian massif - South
982,25,-3.308,50.346,CM-S,Cornubian massif - South
982,26,-3.304,50.35,CM-S,Cornubian massif - South
982,27,-3.326,50.348,CM-S,Cornubian massif - South
982,28,-3.396,50.343,CM-S,Cornubian massif - South
982,29,-3.487,50.335,CM-S,Cornubian massif - South
982,30,-3.575,50.328,CM-S,Cornubian massif - South
982,31,-3.619,50.324,CM-S,Cornubian massif - South
982,32,-3.64,50.322,CM-S,Cornubian massif - South
982,33,-3.725,50.315,CM-S,Cornubian massif - South
982,34,-3.807,50.307,CM-S,Cornubian massif - South
982,35,-3.889,50.299,CM-S,Cornubian massif - South
982,36,-3.968,50.291,CM-S,Cornubian massif - South
982,37,-4.046,50.283,CM-S,Cornubian massif - South
982,38,-4.123,50.274,CM-S,Cornubian massif - South
982,39,-4.199,50.266,CM-S,Cornubian massif - South
982,40,-4.292,50.255,CM-S,Cornubian massif - South
982,41,-4.365,50.246,CM-S,Cornubian massif - South
982,42,-4.383,50.243,CM-S,Cornubian massif - South
982,43,-4.437,50.236,CM-S,Cornubian massif - South
982,44,-4.526,50.225,CM-S,Cornubian massif - South
982,45,-4.596,50.215,CM-S,Cornubian massif - South
982,46,-4.706,50.199,CM-S,Cornubian massif - South
982,47,-4.768,50.191,CM-S,Cornubian massif - South
982,48,-4.85,50.179,CM-S,Cornubian massif - South
982,49,-4.922,50.169,CM-S,Cornubian massif - South
982,50,-4.943,50.166,CM-S,Cornubian massif - South
982,51,-5.001,50.157,CM-S,Cornubian massif - South
982,52,-5.075,50.144,CM-S,Cornubian massif - South
982,53,-5.16,50.129,CM-S,Cornubian massif - South
982,54,-5.237,50.114,CM-S,Cornubian massif - South
982,55,-5.318,50.095,CM-S,Cornubian massif - South
982,56,-5.361,50.084,CM-S,Cornubian massif - South
982,57,-5.399,50.074,CM-S,Cornubian massif - South
982,58,-5.477,50.052,CM-S,Cornubian massif - South
982,59,-5.556,50.027,CM-S,Cornubian massif - South
982,60,-5.626,50.004,CM-S,Cornubian massif - South
982,61,-5.637,50,CM-S,Cornubian massif - South
982,62,-5.715,49.973,CM-S,Cornubian massif - South
982,63,-5.807,49.938,CM-S,Cornubian massif - South
982,64,-5.845,49.923,CM-S,Cornubian massif - South
982,65,-5.884,49.908,CM-S,Cornubian massif - South
982,66,-5.964,49.875,CM-S,Cornubian massif - South
982,67,-6.037,49.845,CM-S,Cornubian massif - South
982,68,-6.116,49.81,CM-S,Cornubian massif - South
982,69,-6.162,49.789,CM-S,Cornubian massif - South
